UPC	RECEIPT ALIAS	BRAND	SIZE	MSRP	VENDOR
000046001405	MONARCH LABEL 1110 RED  	MONARCH	1CT		CAPITAL CANDY
000072808702	UVP POTATO 10 LB WHITE	UVP	SPLIT	6.89	CAPITAL CANDY
000072812709	UVP GARLIC LOOSE 1 LB	UVP	1 LB	6.09	CAPITAL CANDY
000072831601	UVP GINGER FRESH 1 LB	UVP	1 LB	5.79	CAPITAL CANDY
000072902301	ALEHOUSE CHEDDAR CHEESE	VERMONT FARMSTEAD	7 OZ	7.02	CAPITAL CANDY
000081507108	MCKENZIE/MAPLE SAUSAGE 2378 RW	MCKENZIE	1 LB	4.69	CAPITAL CANDY
21000612239	PHILI CRM CHZ PLAIN 8 OZ.	PHILADELPHIA	8OZ	3.39	CAPITAL CANDY
021200620133	DELTA HOLE HANGING TABS 10 CT	DELTA	PKT	1.05	CAPITAL CANDY
024452095100	HOT DOGS MCKENZIE SKNL 10:1 BOX	MCKENZIE	5LB BOX	26.99	CAPITAL CANDY
027200366026	BUGLER CIG TOBACCO POUCH .65Z	BUGLER	1PK	8.99	CAPITAL CANDY
028028014427	MONARCH LABEL 1110 YELLOW  	MONARCH	17.00 M		CAPITAL CANDY
033900002706	JONES SAUSAGE PATTIES 107/1.5 OZ	JONES	10 LB	40.39	CAPITAL CANDY
043413050101	TWISTEMS 1/2000 TIES	TWISTEMS	2000		CAPITAL CANDY
044600311821	CHARCOAL 1/15.4 LB (KINGSFORD)	KINGSFORD	1/15.4 LB	15.09	CAPITAL CANDY
047995000806	AMER SPIR POU  BLUE	AMERICAN SPIRIT	40 GR	19.39	CAPITAL CANDY
047995000820	AMER SPIR POC TOB ORGA RED	AMERICAN SPIRIT	40 GR	19.39	CAPITAL CANDY
047995000837	AMER SPIR POU TOB DK BLU	AMERICAN SPIRIT	40 GR	19.39	CAPITAL CANDY
047995000844	AMER SPIR POU PERIQUE BLEND	AMERICAN SPIRIT	40 GR	19.39	CAPITAL CANDY
047995100100	AMER SPIRIT CAN TOBACCO BLUE	AMERICAN SPIRIT	150 GRAM	68.79	CAPITAL CANDY
49200048702	DOMINO 25LB SUGAR	DOMINO 	25LB		CAPITAL CANDY
70247723427	BACON SLI SLAB 14/18 30 LB	FARMLAND FOODS	30 LB	138.09	CAPITAL CANDY
070462433098	SOUR PATCH KIDS 1.9 LB BAG	SOUR PATCH KIDS	1CT	9.19	CAPITAL CANDY
71555650064	CLOTHESLINE 50 FT	MY HELPER	1CT	1.99	CAPITAL CANDY
71737408001	CAPTAIN BLACK ROYAL POUCH	CAPTAIN BLACK	1PK	13.09	CAPITAL CANDY
74729712209	SEAL WRAP 12 IN ROLL 2000 FT	DURABLE PACKAGING INTERNATIONAL	1CT		CAPITAL CANDY
74825225699	VT SALSA CO SALSA VERDE MED 12OZ	VERMONT	12OZ	5.69	CAPITAL CANDY
76308909574	DUCT TAPE 1.88 IN 30 YDS	DUCK	1CT	8.19	CAPITAL CANDY
77170460019	DRUM TOBACCO POUCH 1CT	BEAUTIFUL ONES	1CT	15.89	CAPITAL CANDY
78684735198	FRY CANOLA OIL 35LB (5GALS)	PAM	35LBS	.05   5	CAPITAL CANDY
79594184120	GROCERY BAG 12 LB 500CT	DURO BAG MFG	500CT		CAPITAL CANDY
079594298216	GROCERY BAG 20# SHORTY 500 CT	DURO BAG MFG	500CT		CAPITAL CANDY
079594800761	GROCERY BAG 57 1/6 BL 500 PLAIN	DURO BAG MFG	500CT		CAPITAL CANDY
079594800839	GROCERY BAG 57 1/8 BBL 500 CT.	DURO BAG MFG	500CT		CAPITAL CANDY
94922270795	MAPLE WALNUT 16OZ	VERMONT PEANUT BUTTER	16OZ	9.49	CAPITAL CANDY
094922270801	ORGANIC CREAMY 16Z	VERMONT PEANUT BUTTER	JAR	7.09	CAPITAL CANDY
094922270818	ORGANIC CHUNKY 16Z	VERMONT PEANUT BUTTER	JAR	7.09	CAPITAL CANDY
307710095018	HOT DOGS MCKENZIE N/C 8:1	MCKENZIE	2/5 LB	63.99	CAPITAL CANDY
602793000894	"MEAT WRAP WHITE 18"" PAPER ROLL"	GORDON	900FT		CAPITAL CANDY
610546351742	KING HENRY SUNFLOWER SEEDS 1 CT	KING HENRY	1CT	.99	CAPITAL CANDY
696859100277	N.COUNTRY CAYENNE 5OZ	BLOODROOT MTN	5OZ	4.09	CAPITAL CANDY
727351038314	SEAL WRAP 18 IN 2000 FT.	PRIMUS SOURCE	1CT		CAPITAL CANDY
727351105276	DELI BAG 9.5X10.5 IN 2M SP-6	JACKS NATURAL FOODS	2000CT		CAPITAL CANDY
727875036025	HEINZ JUG PUMPS	HEINZ			CAPITAL CANDY
758108115446	GLENVIEW 4X4 SWISS CHEESE1/6 RW	GLENVIEW	1/6 LB	9.15	CAPITAL CANDY
762935999001	BAG PLSTC THANK YOU 1500CT	INTEPLAST GROUP	1500CT		CAPITAL CANDY
775788500539	ROCK SALT VAPORIZER 50 LB BAG	COMPASS MINERALS GROUP	GCT	10.79	CAPITAL CANDY
785263002014	SALSA BRUSH FIRE (MILD) 16OZ	BRUSHFIRE	16 JAR	3.69	CAPITAL CANDY
785263002021	SALSA FOREST FIRE (MED) 16OZ	BRUSHFIRE	16 JAR	3.69	CAPITAL CANDY
785263002038	SALSA WILD FIRE (HOT) 16OZ	BRUSHFIRE	16 JAR	3.69	CAPITAL CANDY
835841000052	BREAD PREM CTRY WHITE 24OZ	GOLD M	24OZ	3.39	CAPITAL CANDY
835841000069	BREAD PREM WHOLE WHEAT24OZ	GOLD M	24OZ	3.39	CAPITAL CANDY
835841004470	GOLD M ROLLS HOT DOG 8'S 12OZ	GOLD M	12OZ	2.09	CAPITAL CANDY
835841004500	GOLD M ROLLS HOT DOG 6'S 9OZ	GOLD M	9OZ	1.79	CAPITAL CANDY
835841004517	GOLD M ROLLS HAMBURG 8'S 12OZ	GOLD M	12OZ	2.09	CAPITAL CANDY
835841004609	GOLD M ENGLISH MUFFIN  12OZ	GOLD M	12OZ	1.69	CAPITAL CANDY
854952002212	PRETZELS COOL RANCH 1.5OZ	DISTLER'S	BAG	1.49	CAPITAL CANDY
858622003615	CLOTHESPINS SPRING 50 CT.	GOODCO	1CT	3.49	CAPITAL CANDY
859343000402	JEDS SWEET HOT MUSTARD 8.0OZ	JEDS	8.0OZ	5.39	CAPITAL CANDY
859343000570	JEDS MAPLE COTTON CANDY 1.0 OZ	JEDS	1.0OZ	2.49	CAPITAL CANDY
898268002009	CASTLETON CRACK MIDDLEBURY MAPLE	CASTLETON	PKT	5.39	CAPITAL CANDY
898268002023	CASTLETON CRACKERS WINDHAM WHEAT	CASTLETON	PKT	5.39	CAPITAL CANDY
10016000501116	FLOUR GEN MILLS ALL TRUMP 50LBS	FLOUR	50		CAPITAL CANDY
10031400018170	PIZZA TOP(ITLN NUGGETS)2/5	PIZZA	1CT		CAPITAL CANDY
10072504053049	FILTER 13X5 GEMNI 500CT 20100	BUNN	500CT		CAPITAL CANDY
10073286616170	NAPKIN TORK/XPS NATUR 6000CT 	NAPKIN	6000CT		CAPITAL CANDY
10078354702236	DELI CHEDDAR SHARP 10 LB.R/W	CABOT	10LB	.10   9	CAPITAL CANDY
10759199801034	BACON INDIANA LAYOUT 18/22	BACON	15 LB	75.09	CAPITAL CANDY
10767387993215	PASTA ELBOW MACARONI 2/10LB	PASTA	20LB	.05   1	CAPITAL CANDY
20038616360250	MARGHERITA  STICK PEPPERONI	MARGHERITA	10LBS	60.19	CAPITAL CANDY
10078354712501	CABOT DELI MILD LOAF 2/5LB	CABOT	5LB	.10   6	CAPITAL CANDY
000063801200	JONNY CAT LITTER 3/10 LB	JONNY	10LB	3.59	CAPITAL CANDY
000072813300	UVP PEPPERS GREEN  3LB AVE	UVP	1 LB	2.79	CAPITAL CANDY
000072828304	UVP PEPPERS GRN CHOICE  3LB AVE	UVP	LB	2.49	CAPITAL CANDY
00024452180806	MCKENZIE BAG SAUSAGE 3/6    2372	MCKENZIE	3/6 LB	26.49	CAPITAL CANDY
000072510100	COLD HOLLOW CIDER GALS	COLD	1GAL	7.59	CAPITAL CANDY
000072809907	UVP SPINACH BABY 4 LB	UVP	1 CT	9.29	CAPITAL CANDY
000080104001	HOOD WATER 4/1GAL	HOOD	1GAL	2.19	CAPITAL CANDY
00017800701738	PURINA CAT CHOW 4/6.3LB	PURINA	6LB	13.89	CAPITAL CANDY
00070230107114	TIDY CAT LITTER 4/10 LB	TIDY	10LB	3.39	CAPITAL CANDY
00070801685133	AMERICAN W 160CT	GREAT LAKE CHEESE	4/5 LB	47.36	CAPITAL CANDY
00070801685652	AMERICAN WHT 120	GREAT LAKE CHEESE	4/5 LB	11.04	CAPITAL CANDY
094187140390	TOENAIL CLIPPER 4/1CT *	CON VALET	PKT	2.59	CAPITAL CANDY
094187278444	DAYQUIL SEVERE 4/4 CAPS *	CON VALET	PKT	3.09	CAPITAL CANDY
094187280041	NYQUIL SVR COLD/FLU 4/4PK	CON VALET	PKT	3.09	CAPITAL CANDY
10037000859243	DIAPERS LUVS SIZE 3 4/34	DIAPERS	34CT	8.59	CAPITAL CANDY
10037000859250	DIAPERS LUVS SIZE 4 4/29CT	DIAPERS	29CT	8.59	CAPITAL CANDY
10037000859267	DIAPERS LUVS SIZE 5 4/25CT	DIAPERS	25CT	8.59	CAPITAL CANDY
10041500819386	FRENCHS MUSTARD(YELLOW) 4/105OZ	FRENCHS	105OZ	.05   1	CAPITAL CANDY
10041618501685	VINEGAR CIDER 4/1 GAL.	VINEGAR	1.00 GA		CAPITAL CANDY
10041618501715	VINEGAR WHITE  4/1GAL	VINEGAR	1.00 GA	4.19	CAPITAL CANDY
10045200590507	CAINS MAYO(EXTRA HEAVY)4/1 GAL.	CAINS	1GAL	.05   2	CAPITAL CANDY
10045200597506	GOLDEN ITALIAN 4/1 GAL	CAINS FOODS	1 GAL	.05   4	CAPITAL CANDY
10045200702801	BUTTERMILK RANCH 4/1 GAL	CAINS FOODS	1 GAL	.05   5	CAPITAL CANDY
10064144871404	GULDEN SPICY MUSTARD 4/1GAL	GULDEN	1 GAL		CAPITAL CANDY
10738337060738	MONIN SYRUP HAZELNUT 4/1LIT	MONIN	1LIT		CAPITAL CANDY
50041820070038	CAINS SLC JALEPENOS  4/1 GAL	CAINS	1GAL	.05   7	CAPITAL CANDY
50041820100070	SLC MILD BANANA PEPR RNG 4/1G	CAINS FOODS	1GAL	.05   7	CAPITAL CANDY
000072811900	UVP BANANAS  1LB 5 LB AVE	UVP	1 LB	1.39	CAPITAL CANDY
000072812006	UVP BEANS GREEN   5LB AVE	UVP	1 CT	4.29	CAPITAL CANDY
000072813102	UVP ONIONS SPANISH  5LB AVE	UVP	1 LB	1.29	CAPITAL CANDY
00008480030500	"KUP SUB RLS 12"" WHITE 5/6PK 176"	KOF	6PK	4.09	CAPITAL CANDY
00028000889777	JUICY JUICE BOX GRAPE 5/8PK	JUICY	8PK	2.89	CAPITAL CANDY
042100008722	GRIZZLY LC WINTERGREEN  5CT	GRIZZLY	1CT	7.49	CAPITAL CANDY
042100008876	GRIZZLY LC STRAIGHT 5CT	GRIZZLY	1CT	7.49	CAPITAL CANDY
042100008999	GRIZZLY FC WINTERGREEN 5CT	GRIZZLY	1CT	7.49	CAPITAL CANDY
042100009118	GRIZZLY LC MINT 5CT	GRIZZLY	1CT	7.49	CAPITAL CANDY
042100011234	GRIZZLY LC DARK WINTERGREEN  5CT	GRIZZLY	1CT	7.49	CAPITAL CANDY
073100010958	SKOAL LONG CUT WINTERGREEN 5CT	SKOAL	1CT	8.69	CAPITAL CANDY
073100010972	SKOAL LONG CUT MINT (BLUE) 5CT	SKOAL	1CT	8.69	CAPITAL CANDY
073100010996	SKOAL LONG CUT STRAIGHT (RED)5CT	SKOAL	1CT	8.69	CAPITAL CANDY
073100014611	COPENHAGEN LONG CUT  5 CT	COPENHAGEN	1CT	8.69	CAPITAL CANDY
073100031700	LONG CUT XTRA WINTERGREEN 5CT	SKOAL	1CT	7.59	CAPITAL CANDY
10037000977169	CASCADE ACTION PACS 5/20CT	CASCADE	1CT	6.69	CAPITAL CANDY
10889497145237	JUICY JUICE BOX APPLE 5/8PK	JUICY JUICE	8PK	2.89	CAPITAL CANDY
10889497252164	BOX FRUIT PUNCH 5/8PK	JUICY JUICE	8PK	2.89	CAPITAL CANDY
000048005203	VANILLA EXTRACT IMITATION 2OZ	VANILLA	2.00 OZ	3.59	CAPITAL CANDY
000048056700	MONTREAL STEAK SEASONING 3OZ	MCK	3OZ	3.59	CAPITAL CANDY
000064101002	DAD'S DOG BITE SIZE MEAL 6/4 LB	DAD'S DOG	4LB	6.39	CAPITAL CANDY
000082031008	PIZZA CHEESE SHRED W/MILK MOZZ	PIZZA	5LB		CAPITAL CANDY
000085003002	ICE BAGGED 6/5 LB	ICE	5.00 LB	1.99	CAPITAL CANDY
016000138964	GEN. MILLS CUPS CHEERIOS 6PK	GENERAL MILLS	1CT	1.29	CAPITAL CANDY
016000138988	CUPS H-NUT CHEERIOS 6PK	GENERAL MILLS	1CT	1.29	CAPITAL CANDY
016000430426	CHIPOLTE CHED 5.50 OZ 6CT	GARDETTO	5OZ	2.99	CAPITAL CANDY
00017800111225	PURINA PUPPY CHOW 6/4.4 LB	PURINA	4LB	8.09	CAPITAL CANDY
00017800145213	PURINA DOG CHOW 6/4.4 LB	PURINA	4LB	7.49	CAPITAL CANDY
00021000733453	KRAFT CATALINA DRESSING 6/16OZ	KRAFT	16OZ	4.49	CAPITAL CANDY
21559542612	OLIVE OIL/CANOLA  BLEND 6/1 GAL		1 GAL		CAPITAL CANDY
00037000913566	SHAMPOO 2IN1 6/13.5	HEAD&SHOULDERS	13.5 OZ	8.59	CAPITAL CANDY
038000581700	POP TART 2PK S'MORES 12/6CT	POP TART	119308	1.19	CAPITAL CANDY
00041333085616	DURACELL D 2-PK MN 13000 B2	DURACELL	2CT	5.79	CAPITAL CANDY
00043000056677	MAXWELL GRND DECAF 11 OZ 6 CT	MAXWELL	11OZ	6.49	CAPITAL CANDY
00043000056707	MAXWELL GRND F.A.C. 11 OZ/6 CT	MAXWELL	11OZ	5.39	CAPITAL CANDY
00043000069530	JELLO CHEESECAKE 6/11OZ	JELLO	11OZ	3.29	CAPITAL CANDY
51500552247	C & B SEAFOOD SAUCE 6/12 OZ	C & B	12OZ	2.49	CAPITAL CANDY
00070560987318	SPINACH (LEAF) POLY BAG 6/12 OZ	POLAND SPRING	12 OZ	2.39	CAPITAL CANDY
075720005048	POLAND SPRING GALLON 6CT	POLAND SPRING	1GAL	2.29	CAPITAL CANDY
075720665556	POLAND SPRING CLEAR 3LTR 6CT	POLAND SPRING	3LTR	2.19	CAPITAL CANDY
00078698166391	TITE-SEAL TIRE REPAIR W/HOSE 6	TITE	16OZ	8.89	CAPITAL CANDY
00079100028603	9-LIVES SUPER SUPPER 6/4 PAK	9-LIVES	35501	3.19	CAPITAL CANDY
00079100035601	BEEF/CHICGRVY 6/4 PAK 5.5OZ	9-LIVES	5OZ	3.19	CAPITAL CANDY
00079100035908	TURKEY/GIBLET 6/4PK 5.5OZ	9-LIVES	5OZ	3.19	CAPITAL CANDY
00079100036103	CHICKEN DINNER 6/4PK 5.5OZ	9-LIVES	5OZ	3.09	CAPITAL CANDY
00079100036707	SEAFOOD PLATTER 6/4PK 5.5OZ	9-LIVES	5OZ	3.19	CAPITAL CANDY
079908114041	ANTIFREEZE REG 6/1 GALLON	ANTIFREEZE	1 GALLON	20.09	CAPITAL CANDY
094187140055	CAN OPENER PIERCE 6/1CT	CON VALET	PKT	3.09	CAPITAL CANDY
094187140413	CORKSCREW WAITER'S 6/1CT	CON VALET	PKT	5.09	CAPITAL CANDY
094187210055	CON VALET ADVIL 6/ 4 CT TABS	CON VALET	PKT	1.59	CAPITAL CANDY
094187210130	CON VALET ALEVE 6/2 CAPLETS	CON VALET	PKT	1.99	CAPITAL CANDY
094187211373	CON VALET MEN'S COMB 6/1 CT	CON VALET	PKT	.99	CAPITAL CANDY
094187212332	CON VALET EMERY BOARDS 6/10CT *	CON VALET	PKT	1.39	CAPITAL CANDY
094187215203	CON VALET NAIL CLIPPER 6/1CT  *	CON VALET	PKT	1.69	CAPITAL CANDY
094187215319	PEPTO BISMOL CHEW 6/4 TAB	CON VALET	PKT	2.59	CAPITAL CANDY
094187218204	CON VALET TWEEZERS 6/1CT    *	CON VALET	PKT	1.29	CAPITAL CANDY
094187218877	TYLENOL EX STR 6/4CT CAPS	CON VALET	PKT	2.19	CAPITAL CANDY
094187227862	CON VALET CLARITIN ND 6/1 CT TAB	CON VALET	PKT	2.79	CAPITAL CANDY
094187258392	ALKA SELTZER PLUS 6/4CT*	CON VALET	PKT	2.49	CAPITAL CANDY
094187267776	VIT C SUPER ORANGE 6-TRAY	EMERGEN-C	TRAY	1.99	CAPITAL CANDY
094187267790	CON VALET EMERGEN-C TANG 6/2CT *	CON VALET	PKT	2.39	CAPITAL CANDY
094187268629	CON VALET DENTAL FLOSS 6/1CT	CON VALET	PKT	1.69	CAPITAL CANDY
094187270806	CON VALET ZANTAC 150 6/2 TABS *	CON VALET	PKT	2.49	CAPITAL CANDY
094187270882	CON VALET ADVIL PM 6/4 CT CAPS	CON VALET	PKT	2.19	CAPITAL CANDY
094187272947	ADVIL ALLERGY RELIEF 6/2	CON VALET	PKT	2.39	CAPITAL CANDY
094187273586	CON VALET MIDOL MAX ST 6/4CT	CON VALET	PKT	2.79	CAPITAL CANDY
00300871365025	INFANT W/IRON PWDER 6/12OZ	ENFAMIL	12.9 OZ	20.99	CAPITAL CANDY
775788100159	ROCK SALT VAPORIZER 6/10 LB BAG	COMPASS MINERALS GROUP	6/10 LB	4.79	CAPITAL CANDY
810675005015	ISAMAX WHOOPIE PIE CHOC.  6CT	ISAMAX	5OZ	2.19	CAPITAL CANDY
00829274461986	MEOW MIX 6/18 OZ	MEOW MIX	18OZ	2.89	CAPITAL CANDY
00872181000588	WHITE FUDGE PRETZELS 6/5 OZ	FLIPZ	5 OZ	2.89	CAPITAL CANDY
00872181004289	DARK CHOCOLATE PRETZELS 6/5 Z	FLIPZ	5 OZ	2.89	CAPITAL CANDY
10000774801824	KIDS SNBLK SPF 50 6/8Z	OCEAN POTIONS	BTL	10.49	CAPITAL CANDY
10013000514917	HEINZ KETCHUP JUG 6/7LBS	HEINZ	6/7 LBS		CAPITAL CANDY
10019100109930	JERGENS LOTION 10 OZ	JERGENS	10OZ	4.99	CAPITAL CANDY
10020662000023	VIN&OILSALAD DRS 6/16OZ	NEWMANS	16.00 OZ	4.59	CAPITAL CANDY
10020662000061	BALSAMIC VINEGRETTE 6/16OZ	NEWMANS	16OZ	4.59	CAPITAL CANDY
10020662000375	CAESAR SALAD DRESSING 6/16	NEWMANS	16OZ	4.59	CAPITAL CANDY
10020662001938	NEWMANS ITALIAN DRESSING 6/16OZ	NEWMANS	16 OZ	4.59	CAPITAL CANDY
10020735110010	TURK HILL 1.5QT VANILLA ORIG 6CT	TURK HILL	1.5 QT	6.89	CAPITAL CANDY
10025293600390	SILK 64OZ PLAIN SOY MILK 6CT	SILK	64 OZ	4.39	CAPITAL CANDY
10037000018701	TIDE PEN STAIN REMOVER 6/1CT	TIDE	1CT	3.99	CAPITAL CANDY
10037000956607	SCOPE ORIGINAL MINT 6/8.45OZ	SCOPE	8.45OZ	3.79	CAPITAL CANDY
10041457711702	GOODY BRAIDED ELASTICS 6CT 5814	GOODY	1CT	1.89	CAPITAL CANDY
10041790600305	EX VIRGIN OLIVE OIL 6/25OZ	BERT0LLI	25OZ	17.49	CAPITAL CANDY
10042187404438	WATER DISTILLED BY 6/1GAL	WATER	1GAL	1.49	CAPITAL CANDY
10042187404490	WATER B-Y 6/1GAL	WATER	1GAL	1.79	CAPITAL CANDY
10042187413072	B-Y BLEACH 6/96OZ	B-Y	1CT	2.59	CAPITAL CANDY
10044000030374	NAB WHEAT THIN 6/90Z #3037	NAB	9OZ	4.19	CAPITAL CANDY
10044000031128	NAB RITZ CRACKER #3112 10.2OZ	NAB	10.3OZ	4.19	CAPITAL CANDY
10044100162234	HOOD HG 1/2 & 1/2 CREAM  6CT	HOOD	HG	5.69	CAPITAL CANDY
10044600303366	FRESH STEP SCOOP LITTER 6/7 LB	FRESH	7LB	6.59	CAPITAL CANDY
10044600311873	CHARCOAL 6/7.7 LB (KINGSFORD)	CHARCOAL	7.7 LB	8.19	CAPITAL CANDY
10046135263702	SYLV BULB CF13ELSPIRAL827 1/6CT	SYLV	1CT	3.99	CAPITAL CANDY
10048001940502	THOMAS LARGE ENG. MUFFINS 6/8 CT	THOMAS	6/8 CT	5.32	CAPITAL CANDY
10048500301026	TROP PREM NO PULP 6/59 #102	TROP	59OZ	6.59	CAPITAL CANDY
10048500304140	GROVESTAND LOT PLP 6/590Z #414	TROP	59OZ	6.59	CAPITAL CANDY
10048500305697	TROP PREM. W/CALCIUM 6/59 #569	TROP	59OZ	6.59	CAPITAL CANDY
10049200045708	DOMINO SUGAR CANISTER 6/4LB	DOMINO	4LB	5.29	CAPITAL CANDY
10074609093128	KC MASTERPIECE ORIG. 6/18 OZ	KC	18OZ	2.29	CAPITAL CANDY
10079400866667	SHAMPOO INTENSIVE MOIST 6/12	DOVE	BTL	5.49	CAPITAL CANDY
10079400866766	CONDITIONER INTENSE MOIST 6/12	DOVE	BTL	5.49	CAPITAL CANDY
10080378140215	VEGALENE PAN COATING 6/14OZ	VEGALENE	14OZ	7.29	CAPITAL CANDY
10094514419622	2X SUNSHINE DETERGENT 6/75OZ	EXTRA	75OZ	4.19	CAPITAL CANDY
10094514419653	EXTRA 2X MNT.RAIN 6/75OZ	EXTRA	75OZ	4.19	CAPITAL CANDY
10872181001605	CHOCOLATE MINT PRETZELS 6/5 Z	FLIPZ	5 OZ	2.89	CAPITAL CANDY
20030271010051	PIZZA SAUCE DON PEPINO 6/#10	PIZZA	6# 10		CAPITAL CANDY
20047800330597	B+M PEA BAKED BEANS 6/55 OZ.	B&M	55.00 OZ	5.19	CAPITAL CANDY
30051131611284	"MAIL TAPE #142 2 IN X 800""CLEAR"	SCOTCH	1.00 RO	4.49	CAPITAL CANDY
30071709188888	MAGIC MARKERS BLACK	MAGIC	6CT	1.49	CAPITAL CANDY
60000774801409	OCEAN POTION SNBLK SPF 15 6/8 OZ	OCEAN	BTL	10.09	CAPITAL CANDY
60000774801454	OCEAN POTION SNBLK SPF 30 6/8 OZ	OCEAN	BTL	10.09	CAPITAL CANDY
60014717309075	WINDSHIELD WASH EXTREME BLUE -20	WINDSHIELD	6/1 GAL	2.84	CAPITAL CANDY
016000324640	CHEX MUDDY B COOKIE&CRM 7/4.5OZ	CHEX MIX	4.5OZ	2.59	CAPITAL CANDY
016000373013	CHEX MIX MUDDY BUDDIES 7/4.5OZ	CHEX	4.5OZ	2.89	CAPITAL CANDY
016000430372	GARDETTO ORIGINAL 5.50 OZ 6CT	GARDETTO	5OZ	2.49	CAPITAL CANDY
10016000461472	SPEC POTATO GARLIC MASH 7/4.7OZ	BETTY CROCKER	4.7OZ	1.39	CAPITAL CANDY
000072810705	UVP STRAWBERRIES DRISCOLL 8/1 LB	UVP	1 CT	7.69	CAPITAL CANDY
000083520006	NAKED MIGHTY MANGO JUICE 8/15 OZ	NAKED	15OZ	3.89	CAPITAL CANDY
000083520105	GREEN MACHINE JUICE 8/15 OZ	NAKED	15OZ	3.89	CAPITAL CANDY
000084900302	DEIORIO BAGEL PLAIN 8/6PK 1002	DEIORIO	6PK	5.05	CAPITAL CANDY
000085221802	MINT CHOC CHIP COOKIE8CT PT	B&JS	PT	5.99	CAPITAL CANDY
000085222304	B & J'S KARAMEL SUTRA 8CT PT	B&JS	PT	5.99	CAPITAL CANDY
000085222403	B & J'S CHERRY GARCIA YGT 8CT PT	B&JS	PT	5.99	CAPITAL CANDY
000085222601	CHOC FUDGE BROWNIE 8CT PT	B&JS	PT	5.99	CAPITAL CANDY
00008352050100	NAKED RED MACHINE JUICE 8/15 OZ	NAKED	15OZ	3.89	CAPITAL CANDY
016000351813	CHEX MIX TRADITIONAL 8/3.75 OZ	CHEX MIX	3OZ	2.19	CAPITAL CANDY
016000351820	CHEX MIX CHEDDAR  8/3.75 OZ.	CHEX MIX	3OZ	2.09	CAPITAL CANDY
00016000412132	FROSTING R.T.U CHOC 8/16 OZ	BETTY CROCKER	16OZ	2.49	CAPITAL CANDY
16000412156	FROSTING CREAM CHEESE 8/16 OZ	BETTY CROCKER	16OZ	2.49	CAPITAL CANDY
00016000412217	FROSTING R.T.U VAN 8/16 OZ	BETTY CROCKER	16OZ	2.49	CAPITAL CANDY
022000119445	ECLIPSE PEPPERMINT  S S 8/18 CT	ECLIPSE	PKT	1.39	CAPITAL CANDY
022000119650	ECLIPSE SPEARMINT S S 8/18 CT	ECLIPSE	PKT	1.39	CAPITAL CANDY
024100122332	CHEEZ-IT SS 8CT/1.5OZ	CHEEZ-IT	1.5OZ	.99	CAPITAL CANDY
024100126538	CHEEZ-IT SS WHT CHD 8/1.5	CHEEZ-IT	1.5OZ	.99	CAPITAL CANDY
034000700035	ICE CUBE SPEARMINT GUM	ICE BREAKER	10 PIECE	1.49	CAPITAL CANDY
034000723362	DUO MINT RASPBRY  8 CT	ICE BREAKER	TIN	2.49	CAPITAL CANDY
00037000842200	EXTRA STRENGTH 8/16.9 OZ	FEBREEZE	16OZ	4.59	CAPITAL CANDY
00041333086613	C 2-PK MN 14000 B2 6/2PK	DURACELL	2CT	5.79	CAPITAL CANDY
00054400002966	GREY POUPON SQZ MUSTARD 8/10 OZ	GREY	10OZ	3.79	CAPITAL CANDY
00070074003658	PEDIALYTE FRUIT FLAVOR 8/33OZ	PEDIALYTE	33OZ	6.19	CAPITAL CANDY
00082592631268	NAKED BLUE MACHINE JUICE 8/15 OZ	NAKED	15OZ	3.89	CAPITAL CANDY
00082592831343	NAKED BERRY BLAST JUICE 8/15 OZ	NAKED	15OZ	3.89	CAPITAL CANDY
606274328798	SMK & CRE CRK PPR MINI STK 8/3OZ	VERMONT	3 OZ	5.89	CAPITAL CANDY
606274328941	SMK & CRE PEPPERNI MNI STK 8/3OZ	VERMONT	3 OZ	5.89	CAPITAL CANDY
10014800646006	HAWI PUNCH FRT JUICE RED 8/64 OZ	HAWI	64OZ	2.19	CAPITAL CANDY
10016000126109	GOLD MEDAL FLOUR 8/5 LBS	GOLD	5LB	3.99	CAPITAL CANDY
10020662101263	NEWMANS LEMONADE 8/59OZ	NEWMANS	59OZ	2.89	CAPITAL CANDY
10031200200263	O.S.46 OZ CRANBERRY JC. 8 CT.	OCEAN SPRAY	46OZ	3.99	CAPITAL CANDY
10031200210149	O.S.46 OZ CRAN/APPLE 8 CT.	OCEAN SPRAY	46OZ	3.99	CAPITAL CANDY
10031200261066	O.S.46 OZ CRAN/RASP 8 CT.	OCEAN SPRAY	46OZ	3.99	CAPITAL CANDY
10041419780494	CHED CHEESE CRACKER 8/15 OZ	COMBOS	15 OZ	4.19	CAPITAL CANDY
10042187408100	B-Y FLOUR ALL PURPOSE 8/5LB	B-Y	5LB	3.39	CAPITAL CANDY
10042187411801	B-Y RUBY RED GRAPEFRUIT 8/64 OZ	B-Y	64OZ	3.19	CAPITAL CANDY
10044600307692	BLEACH CONCENTRATE 8/64 OZ	CLOROX	64OZ	3.59	CAPITAL CANDY
10046704068509	MOZZ STICK W/SAUCE 8/11	TGI FRIDAYS	11OZ	4.69	CAPITAL CANDY
10051000189537	CAMP TOMATO JUICE PET.8/32 OZ.	CAMP	32OZ	2.49	CAPITAL CANDY
10054600716295	FANTASTIK TRIGGER 8/32 OZ.	FANTASTIK	32OZ	3.69	CAPITAL CANDY
10061000189544	V-8 JUICE PLSTC 8/32 OZ.	V-8	32OZ	3.09	CAPITAL CANDY
10071012010506	KING ARTHUR FLOUR  8/5 LB	KING ARTHUR	5.00 LB	6.09	CAPITAL CANDY
10071202177552	DOLE WHOLE STRAWB 8/16OZ	DOLE	16 OZ	3.89	CAPITAL CANDY
10076301752013	APPLE & EVE APPLE JUICE 8/48 OZ.	APPLE	48OZ	3.89	CAPITAL CANDY
10076840100110	B & J'S COFFEE HEATHBAR 8CT PT	B&JS	PT	5.99	CAPITAL CANDY
10076840100140	NY SUPER FUDGE CHUNK 8CT PT	B&JS	PT	5.99	CAPITAL CANDY
10076840100150	B & J'S CHERRY GARCIA 8 CT PT	B&JS	PT	5.99	CAPITAL CANDY
10076840100350	B & J'S CHUNKY MONKEY 8CT PT	B&JS	PT	5.99	CAPITAL CANDY
10076840100580	CHOC CHIP COOKIE DGH 8CT PT	B&JS	PT	5.99	CAPITAL CANDY
10076840100810	B & J'S PEANUT BUTTER CUP 8CT PT	B&JS	PT	5.99	CAPITAL CANDY
10076840100980	B & J'S PHISH FOOD 8CT PT	B&JS	PT	5.99	CAPITAL CANDY
10658276202504	SWAN HM DNR-TURKEY 8/17 OZ	SWAN	17OZ	4.19	CAPITAL CANDY
10658276202535	SWAN HM DNR-SALISBURY 8/16 OZ	SWAN	16OZ	4.19	CAPITAL CANDY
10658276202559	SWAN HM FRIED CHICKEN 8/16 OZ	SWAN	16OZ	4.59	CAPITAL CANDY
10854178003007	KINGDOM CRMY PT VANILLA 8PT	KINGDOM	PT	3.99	CAPITAL CANDY
10854178003045	KINGDOM CRMY PT MAPLE 8PT	KINGDOM	PT	3.99	CAPITAL CANDY
30023700017858	TYSON HONEY BNLS WINGS 8/10 OZ	TYSON	10OZ	3.99	CAPITAL CANDY
30023700018749	TYSON CHICKEN TENDERS 8/13OZ	TYSON	13OZ	3.99	CAPITAL CANDY
30079900001579	WYMANS FROZEN BLUEBERRIES 8/12OZ	WYMANS	12.00 OZ	4.29	CAPITAL CANDY
000072510209	COLD HOLLOW CIDER 1/2 GALS	COLD	1CT	4.19	CAPITAL CANDY
000080101000	HG HOMO MILK 9-1/2 GAL	BOOTH BROS	1/2GAL	2.39	CAPITAL CANDY
000080101208	BOOTH BROS HG 2% MILK 9-1/2 GAL	BOOTH	1/2GAL	2.29	CAPITAL CANDY
012546076203	WHITE SPLIT2FIT PEPMINT9/16	TRIDENT	1CT	1.39	CAPITAL CANDY
012546076234	WHITE SPLIT MICRO CRYSTALS	TRIDENT	PKT	1.39	CAPITAL CANDY
012546076302	WHT SPLIT2FIT COOLRUSH 9/16	TRIDENT	1CT	1.39	CAPITAL CANDY
012546097277	ICE ARCTIC CHILL SPLIT 9/16	DENTYNE	PKT	1.39	CAPITAL CANDY
012546097314	FIRE SPLIT2FIT CINN 9/16 CT	DENTYNE	PKT	1.39	CAPITAL CANDY
22000111616	ORBIT WHITE PEPPERMINT 10/9CT	ORBIT	15 CT	1.69	CAPITAL CANDY
10011120004028	WOOLITE RUG CLEANER SPRAY 9/22	WOOLITE	22OZ	5.99	CAPITAL CANDY
10023400016027	CLEANSER W/BLCH 9/24 OZ	SOFT SCRUB	24OZ	4.39	CAPITAL CANDY
10044600002429	LIQUID PLUMBER  9/32 OZ.	LIQUID	32OZ	3.49	CAPITAL CANDY
10051500251628	CRISCO OIL  9/32 OZ	CRISCO	32.00 OZ	5.19	CAPITAL CANDY
10070481011314	MURPHY OIL SOAP LIQUID 9/16 OZ.	MURPHY	16OZ	3.09	CAPITAL CANDY
10072613450746	ALL LIQ.DET STAIN LIFTER 9/32 OZ	ALL	32OZ	7.49	CAPITAL CANDY
10072613450753	ALL LIQ.DET.FREE&CLEAR 9/32 OZ	ALL	32 OZ	7.49	CAPITAL CANDY
000071009100	DOMINO GRANULATE SUGAR 10/4 LB	DOMINO	4LB	4.19	CAPITAL CANDY
000072815106	UVP MANGOES 10 CT	UVP	1 CT	2.99	CAPITAL CANDY
000072815205	UVP CLEMENTINES 3 LB BAG 10 CT	UVP	1 CT	9.39	CAPITAL CANDY
000072827505	UVP POTATO IDAHO 10/5LB	UVP	1 CT	4.89	CAPITAL CANDY
00006500120200	DAWN DISH LIQ. 10/21 OZ.	DAWN	21.6OZ	4.39	CAPITAL CANDY
012300101134	FS CAMEL REG NONFILTER	CAMEL	KING	10.89	CAPITAL CANDY
012300102131	FS CAMEL FILTER KS	CAMEL	KING	8.69	CAPITAL CANDY
012300103138	FS CAMEL FILTER KS BOX	CAMEL	KING	8.69	CAPITAL CANDY
012300107136	FS CAMEL BLUE  KS BOX	CAMEL	KING	8.69	CAPITAL CANDY
012300197403	FS CAMEL CRUSH	CAMEL	KINGS	8.69	CAPITAL CANDY
012300707138	FS CAMEL WIDES FIL BOX	CAMEL	KING	8.69	CAPITAL CANDY
012546009317	STRIDE MELOPEACH 10 CT NEW	STRIDE	14 PIECE	1.49	CAPITAL CANDY
012546032353	DENTYNE PURE MINT W/ HERBS 30800	DENTYNE	1PK-9STK	1.39	CAPITAL CANDY
012546075497	TRIDENT SPLASH PEPP SWIRL 10 CT	TRIDENT	1CT	1.39	CAPITAL CANDY
022000105066	WRIG 5 COBALT SP 10CT 21265	WRIG	1CT	1.79	CAPITAL CANDY
022000105080	WRIG 5 RAIN  SP  10CT  21267	WRIG	1CT	1.69	CAPITAL CANDY
022000106988	WRIG JUICY FRUIT SS  21736	WRIG	1 PK 15ST	1.29	CAPITAL CANDY
022000106995	WRIG BIG RED SS      21737	WRIG	1 PK  15S	1.29	CAPITAL CANDY
22000159489	CLASSIC BUBBLE SS 22026	EXTRA	1 PK 15ST	1.29	CAPITAL CANDY
022000159519	SWEET WATERMELON  15 CT	EXTRA	15CT/PK	1.29	CAPITAL CANDY
022000159533	WRIG EXTRA POLAR ICE  SS  22036	WRIG	1PK 15ST	1.29	CAPITAL CANDY
022000159540	WRIG EXTRA SPEARMINT  SS  22037	WRIG	1PK 15ST	1.29	CAPITAL CANDY
028200303714	FS BASIC BP FILTER BOX KS	CAMEL	KING	8.89	CAPITAL CANDY
041780020079	UTZ POTATO CHIP REGULAR 10/6.5OZ	UTZ	6.5 OZ	2.00	CAPITAL CANDY
047995200015	NON-FIL KS BROWN BOX	AMERICAN SPIRIT	KING	9.19	CAPITAL CANDY
047995855178	FS AM SPIRIT PERIQUE BLEND BLK	AMERICAN SPIRIT	KING	9.19	CAPITAL CANDY
047995855185	FS AM SPIRIT FILTER KS BLUE BOX	AMERICAN SPIRIT	KING	9.19	CAPITAL CANDY
047995855192	FILTER LT YELLOW BOX	AMERICAN SPIRIT	KING	9.19	CAPITAL CANDY
047995855314	FILTER CELADON BOX KS	AMERICAN SPIRIT	KING	9.19	CAPITAL CANDY
047995855321	FS AM SPIRIT MEN FF KS BX DK GR	AMERICAN SPIRIT	KING	9.19	CAPITAL CANDY
047995855345	ORG BLD BOX TURQOISE/RED	AMERICAN SPIRIT	KING	9.19	CAPITAL CANDY
047995855352	ORGANIC BLD  BX GOLD	AMERICAN SPIRIT	KING	9.19	CAPITAL CANDY
047995856021	KS GRAY BOX PERIQUE RI	AMERICAN SPIRIT	KING	9.19	CAPITAL CANDY
047995856045	KS DK BL BOX US GROWN	AMERICAN SPIRIT	KING	9.19	CAPITAL CANDY
00070330623200	BIC UTILITY LIGHTER 10/1	BIC	PKT	4.69	CAPITAL CANDY
090600301768	FS SONOMA RED KING BOX	SONOMA	KING	7.69	CAPITAL CANDY
090600301843	FS SONOMA GOLD KING BOX	SONOMA	KING	7.69	CAPITAL CANDY
090600301850	FS SONOMA GOLD 100'S BOX	SONOMA	100'S	7.69	CAPITAL CANDY
751667046947	DJARUM CIGAR BLACK 10/12PK	DJARUM	1PK	8.19	CAPITAL CANDY
874411000733	CHEYENNE CGR 100MM XOTIC BRY	CHEYENNE	10	5.79	CAPITAL CANDY
10014500024395	BE CORN CUT POLY BAG 10/14 OZ	BE	14.4 OZ	2.29	CAPITAL CANDY
10042187001996	SUGAR 10/4 LBS (B-Y)	SUGAR	4LB	3.69	CAPITAL CANDY
10079100000781	POUNCE CHICKEN TREATS 10/3 OZ	POUNCE	3OZ	1.89	CAPITAL CANDY
10079100900111	BAG FLLT MIGNON 10/5.6OZ	MILK-BONE	5.6OZ	4.09	CAPITAL CANDY
000002940106	ROSIE'S MAPLE BEEF STICK 12 CT	ROSIE'S	12 CT	1.69	CAPITAL CANDY
000005003006	CHAPSTICK INDV/CARD REGULAR	CHAPSTICK	1CT	1.89	CAPITAL CANDY
000005003105	CHAPSTICK INDV/CARD CHERRY	CHAPSTICK	1CT	1.89	CAPITAL CANDY
000005150007	SILKY TOUCH 3 WOMAN SHAVER 4PK	BIC	PKT	5.39	CAPITAL CANDY
000005205103	TYLENOL XTRA STR CAPLET 24'S	TYLENOL	1CT	5.69	CAPITAL CANDY
000005207404	VICKS VAPORRUB 1.76 OZ	VICKS	1OZ	6.09	CAPITAL CANDY
000005214006	MIDOL MAX STRENGTH 24'S CAPLETS	MIDOL	1CT	7.29	CAPITAL CANDY
000005216307	DRAMAMINE 12 TAB	DRAMAMINE	1CT	5.79	CAPITAL CANDY
000005218707	ELIXIR COLD & ALLERGY 4 OZ	DIMETAPP	4OZ	7.79	CAPITAL CANDY
000005234806	ALKA SELTZER ORIGINAL 12/36'S	ALKA	PKT	6.79	CAPITAL CANDY
000005289905	ADVIL CAPLETS 24'S	ADVIL	1CT	5.39	CAPITAL CANDY
000005800308	BLISTEX LIP OINTMENT .21 OZ	BLISTEX	1CT	2.29	CAPITAL CANDY
000006003104	TAMPAX 10'S REGULAR FLUSHABLE	TAMPAX	10CT	2.89	CAPITAL CANDY
000006204105	Q-TIPS 170 CT	Q-TIPS	1CT	2.79	CAPITAL CANDY
000006300203	J & J GAUZE PAD 3 X 3 10'S	J&J	10.00 PA	2.49	CAPITAL CANDY
000006300302	J & J TAPE WATERPROOF 1/2 X 10	J&J	1CT	2.89	CAPITAL CANDY
000006300500	J & J BABY POWDER 4 OZ	J&J	4OZ	2.39	CAPITAL CANDY
000006303006	J & J DENTAL FLOSS WAX 50 YD	J&J	1CT	1.79	CAPITAL CANDY
000006403409	TOOTHBRUSH X CLN ADULT SOFT	COLGATE	1.00 CT	.99	CAPITAL CANDY
000006408305	REACH PLUS ADULT MEDIUM	REACH	1CT	2.89	CAPITAL CANDY
000006410001	ORAJEL ADULT 12/.25OZ	ORAJEL	.25OZ	4.79	CAPITAL CANDY
000006477608	TEK PROFESSIONAL TOOTHBRUSH SOFT	TEK	1CT	.69	CAPITAL CANDY
000006530808	NAIL POLISH REMOVER 12/3.38OZ	NAIL	3.38OZ	2.19	CAPITAL CANDY
000006550103	GOOD SENSE HYDROGEN PER 12/16OZ	GOOD	16OZ	1.19	CAPITAL CANDY
000006558208	HYDROCORTISONE CRM1% 1OZ	GOOD SENSE	PKT	2.39	CAPITAL CANDY
000006569204	ASPIRIN 100 CT TABLETS	GOOD SENSE	100 CT	2.19	CAPITAL CANDY
000006597801	JUMBO COTTON BALLS 70 CT	GOOD SENSE	PKG	1.69	CAPITAL CANDY
000007021107	PENCILS 10 PACK	PENCILS	1CT	2.09	CAPITAL CANDY
000018402506	ENERGIZER AA-2PK E91BP-2	ENERGIZER	2CT	2.99	CAPITAL CANDY
000018409901	ENERGIZER AAA 2-PK E92BP-2	ENERGIZER	2CT	2.99	CAPITAL CANDY
000048003001	SPICE B-Y BLACK PEPPER (CAN)4OZ	SPICE	4 OZ	4.39	CAPITAL CANDY
000048007801	VANILLA PURE EXTRACT 12/1 OZ.	VANILLA	1OZ	5.79	CAPITAL CANDY
000048011808	SPICE B-Y BASIL LEAVES 12/.6OZ	SPICE	.06OZ	1.59	CAPITAL CANDY
000048012508	SPICE B-Y CINNAMON 12/2.4OZ	SPICE	2.4OZ	1.69	CAPITAL CANDY
000048013109	SPICE B-Y PARSLEY 12/.2OZ	SPICE	.2OZ	1.59	CAPITAL CANDY
000068400101	B-Y PEANUT BUTTER PL. 12/16 OZ	B-Y	16OZ	2.79	CAPITAL CANDY
000072800607	UVP APPLES MAC 12/3 LB BAG	UVP	1 CT	4.79	CAPITAL CANDY
000072806500	MUSHROOMS CELLO BABY BELLAS 8OZ	UVP	1 CT	2.99	CAPITAL CANDY
000080102106	HOOD 14 OZ HOMO MILK 12/14 OZ	HOOD	14OZ	.89	CAPITAL CANDY
000081710201	MCKENZIE/BRK SAUS 2376  RW	MCKENZIE	12/1 LB	.39	CAPITAL CANDY
000082000202	GOLDS HORSERADISH 12/6 OZ	GOLDS	6OZ	2.19	CAPITAL CANDY
000088203102	KOF KUP DONUT 12PK CRULLER #2291	KOF	1CT	.89	CAPITAL CANDY
000090150202	H.H. LIQUID SMOKE 12/5 OZ	HADDON HOUSE	5 OZ	2.49	CAPITAL CANDY
00000095040400	HOT DOGS MCKENZIE N/C PRE-PAK	MCKENZIE	12OZ	5.19	CAPITAL CANDY
00000095070100	HOT DOGS MCKENZIE BEEF  12/14OZ	MCKENZIE	14 OZ	5.79	CAPITAL CANDY
00000526410000	BENADRYL ALLERGY LIQ-GELS 24 CT	BENADRYL	PKT	7.09	CAPITAL CANDY
00000570230500	PEPTO BISMOL LIQUID 12/4OZ	PEPTO BISMOL	4OZ	3.69	CAPITAL CANDY
00000570250300	PEPTO BISMOL 30 TAB	PEPTO BISMOL	1CT	5.99	CAPITAL CANDY
00000590130200	BAG BALM 12/1 OZ	BAG	1OZ	5.59	CAPITAL CANDY
00000600360900	TAMPAX 10'S SUPER FLUSHABLE	TAMPAX	10 CT	2.89	CAPITAL CANDY
004100000695	W-BONE THOUSAND ISLAND 12/8 OZ	W-BONE	8 OZ.	2.09	CAPITAL CANDY
004132100613	W-BONE ITALIAN 12/8 OZ	W-BONE	8OZ	2.09	CAPITAL CANDY
00006730070900	W-BONE CHNK BLUE CHEESE 12/8 OZ	W-BONE	8OZ	2.09	CAPITAL CANDY
00006740010200	HOWARDS SW. PEPPER RELISH 12/11	HOWARDS	11.00 OZ	3.79	CAPITAL CANDY
008562003200	SONY D 2PK BATTERIES	SONY	2CT	3.29	CAPITAL CANDY
009800057146	TIC TAC SPEARMINT TWIST 12 CT	TIC	1CT	1.49	CAPITAL CANDY
009800057719	TIC TAC FRESHMINT 12 CT	TIC	1CT	1.49	CAPITAL CANDY
009800057771	TIC TAC WINTERGREEN 12 CT	TIC	1CT	1.49	CAPITAL CANDY
00011132152703	ALPO 12/13.2 PRIME CUT CHICKEN	ALPO	13OZ	1.29	CAPITAL CANDY
00011132152710	12/13.2 PRIM CUT BEEF/BAC/CHSE	ALPO	13OZ	1.29	CAPITAL CANDY
00011132152802	ALPO 12/13.2 BEEF GRAVY CRAVERS	ALPO	13OZ	1.29	CAPITAL CANDY
00012044039281	SOLID ORIGINAL 12/2.25 OZ	OLD SPICE	2.25	2.99	CAPITAL CANDY
012546004695	TRIDENT TRUE PEPPERMINT 12/18 CT	TRIDENT	PKT	1.29	CAPITAL CANDY
012546005227	KIDS SOUR PATCH GUM RBRY 12C	STRIDE	PKT	1.39	CAPITAL CANDY
012546011433	TRIDENT VALUE PK BBLGUM 12 CT	TRIDENT	14 PIECE	1.29	CAPITAL CANDY
00013000007559	HEINZ VINEGAR WHITE 12/16OZ	HEINZ	16 OZ	1.49	CAPITAL CANDY
00013120060823	ORE IDA TATOR TOTS 12/32 OZ	ORE	32OZ	4.59	CAPITAL CANDY
013700250125	HEFTY FOAM BOWL 12 OZ 12/50 CT.	HEFTY	50CT	4.49	CAPITAL CANDY
014400660009	MASON PINT JARS WM 12CT	MASON	1CT		CAPITAL CANDY
00014800001853	MOTTS APPLE SAUCE 12/24 OZ	MOTTS	24OZ	2.59	CAPITAL CANDY
016000384538	NV CRUNCH BARS PEANUT 12CT	NATURE VALLEY	1.25OZ	1.29	CAPITAL CANDY
00016000420700	BISQUICK 12/20 OZ	BISQUICK	20OZ	2.89	CAPITAL CANDY
00016600001057	ROSES LIME JUICE 12/12OZ	ROSES	12OZ	4.19	CAPITAL CANDY
00016600001064	ROSES GRENADINE 12/12 OZ	ROSES	12OZ	3.59	CAPITAL CANDY
00018627703259	GO LEAN CRUNCH CEREAL 12/13OZ	KASHI	13.8OZ	4.79	CAPITAL CANDY
021200010231	SCOTCH TRANPRNT TAPE#105 3/4X300	SCOTCH	1CT	1.89	CAPITAL CANDY
00021200516719	SCOTCH MAGIC TAPE #119 1/2X800-M	SCOTCH	1CT	2.69	CAPITAL CANDY
021400502000	SHELL MOTOR OIL 5W30 12/1 QTS	SHELL	12CT	8.19	CAPITAL CANDY
021400502031	SHELL MOTOR OIL 10W30 12/1 QTS	SHELL	12CT	8.09	CAPITAL CANDY
022000114846	WRIG ORBIT SPEARMINT GUM 12 CT	WRIG	1CT	1.39	CAPITAL CANDY
022000114860	WRIG ORBIT PEPPERMINT GUM 12 CT	WRIG	1CT	1.39	CAPITAL CANDY
022000114891	WRIG ORBIT BUBBLEMINT GUM 12 CT	WRIG	14 STICK	1.39	CAPITAL CANDY
022000158901	ALTOIDS SPEARMINTS   12. CT	ALTOIDS	1TIN	2.49	CAPITAL CANDY
022000191168	WRIG FREEDENT PEPP JMBO 12 CT	WRIG	1CT	1.29	CAPITAL CANDY
00024000165101	DELMONTE CORN 12/8.75	DELMONTE	8.75 OZ	1.29	CAPITAL CANDY
00024000578192	DELMONTE SPINACH LEAF 12/13.5 OZ	DELMONTE	13OZ	2.09	CAPITAL CANDY
00024100228768	CHEEZ-IT WHIT CHED 12/4OZ	CHEEZ	4OZ	2.19	CAPITAL CANDY
00024100705627	CHEEZ-IT ORIG 12/7OZ#70562	CHEEZ	7OZ	3.39	CAPITAL CANDY
00024100705696	CHEEZ WHITE CHED12/7 #70569	CHEEZ	7OZ	3.39	CAPITAL CANDY
00024452182305	BAG SAUSAGE 1 LB    2370	MCKENZIE	12/1 LB	4.59	CAPITAL CANDY
00025000010576	SIMPLY APPLE 12/11.5OZ	SIMPLY	11.5OZ	1.89	CAPITAL CANDY
00025700001409	SARAN WRAP 12/100 SQF	SARAN	1CT	2.49	CAPITAL CANDY
025700003991	ZIP LOC FRZ.BAG PINT 12/20 CT	ZIP	20CT	3.89	CAPITAL CANDY
00026200461700	SNFLWR IN SHELL ORIG 12/5.25	DAVIDS	5.25	1.49	CAPITAL CANDY
00027000360321	HUNTS TOMATO WHOLE 12/28 OZ.	HUNTS	28.00 OZ	3.09	CAPITAL CANDY
00027000390290	HUNTS TOMATO SAUCE 12/29OZ	HUNTS	29OZ	3.19	CAPITAL CANDY
029000012752	PLANT TUBE NUT PISTACIOS	PLANT	1.75Z	2.09	CAPITAL CANDY
029000078789	PLANT TRAIL MIX NUT/SEED/CRNBRRY	PLANT	6OZ	3.29	CAPITAL CANDY
029000078802	TRAIL MIX TROP FRT&NT PCH12/6	PLANT	6OZ	3.29	CAPITAL CANDY
00030000010044	QUAKER OATS QUICK 12/18 OZ	QUAKER	18OZ	3.49	CAPITAL CANDY
00030000013212	QUAKER OATS REG 12/18 OZ	QUAKER	18OZ	3.49	CAPITAL CANDY
030100211501	12PK TOAST PB & J CRACKER	KEEBLER	1OZ	.69	CAPITAL CANDY
030100211655	KEEBLER 12PK CHEESE &PB CRACKER	KEEBLER	1OZ	.69	CAPITAL CANDY
030100211679	KEEBLER 12PK TOAST & PB CRACKERS	KEEBLER	1OZ	.69	CAPITAL CANDY
31200210159	32 OZ CRANBERRY COCKTAIL 12 CT	OCEAN SPRAY	32OZ	2.99	CAPITAL CANDY
033159010132	CITGO OIL 10W40 12/1 QT	CITGO	1QT	5.99	CAPITAL CANDY
00033600420107	HERB-OX BEEF CUBES 12/25 CT.	HERB	1CT	3.09	CAPITAL CANDY
00033600420114	HERB-OX CHICKEN CUBES 12/25 CT	HERB	1CT	3.09	CAPITAL CANDY
00034000052011	HERSHEY COCOA 12/8 OZ	HERSHEY	8OZ	4.79	CAPITAL CANDY
00036200219232	BERTOLLI ALFREDO SAUCE 12/15OZ	BERTOLLI	15OZ	3.99	CAPITAL CANDY
00037600072366	MARY KIT ROAST BEEF HASH 12/15	MARY	15OZ	2.99	CAPITAL CANDY
00037600092968	MARY KIT CORN BEEF HASH 12/15	MARY	653473	2.99	CAPITAL CANDY
00037600239738	CHILI WITH BEANS 12/15 OZ.	CHILI	15OZ	2.49	CAPITAL CANDY
00037900991435	RONSON BUTANE FUEL 42 GRAMS	RONSON	PKT	2.89	CAPITAL CANDY
00038000596643	KELLOGG RAISIN BRAN 12/13 OZ	KELLOGG	13OZ	4.59	CAPITAL CANDY
00038000766060	EGGO WAFFLES 12/12 OZ.	EGGO	12OZ	3.29	CAPITAL CANDY
00039000045209	PUMPKIN SOLID PK 12/29 OZ	LIBBY'S	29OZ	4.29	CAPITAL CANDY
041116102615	BAZOOKA WALLET PACK  12 CT	BAZOOKA	BX	1.39	CAPITAL CANDY
00041196910124	PROG. MINESTRONE SOUP 12/19OZ	PROG	19OZ	2.69	CAPITAL CANDY
00041196910889	CHICKEN/NOODLE SOUP 12/19 OZ.	PROGRESSO	19OZ	3.19	CAPITAL CANDY
00041333088617	DURACELL 9 VOLT MN 1604B 12/1PK	DURACELL	1CT	5.69	CAPITAL CANDY
00041800505005	WELCH GRAPE JELLY 12/18 OZ.	WELCH	18OZ	2.69	CAPITAL CANDY
042187450230	B-Y VEG OIL 12/24OZ	B-Y	24OZ	2.09	CAPITAL CANDY
00043000050071	STOVE TOP CHICK STUFFING 12/6 OZ	STOVE	6OZ	2.69	CAPITAL CANDY
00043000794081	MAXWELL INST 02 OZ/12 CT.	MAXWELL	2OZ	2.79	CAPITAL CANDY
00043000794548	MAXWELL INST 04 OZ/12 CT.	MAXWELL	4OZ	4.89	CAPITAL CANDY
044000000578	NAB PREMIUM SALTINE 57 16 OZ	NAB	16OZ	3.59	CAPITAL CANDY
044000003821	NAB 4 OZ PREMIUM SALTINE 12CT	NAB	4OZ	2.19	CAPITAL CANDY
044000003869	NAB PREMIUM SALTINE 386 8 OZ	NAB	8OZ	3.29	CAPITAL CANDY
044000007522	NAB CHIPS AHOY 752 6 OZ	NAB	6OZ	2.19	CAPITAL CANDY
00048001213371	HELLMANS MAYONNAISE 12/15 OZ.	HELLMANS	15OZ	4.89	CAPITAL CANDY
00050000300600	MATE CREAMER (PWDR) 12/11 OZ	COFFEE	11OZ	2.89	CAPITAL CANDY
00051500242506	CRISCO 12/1 LB	CRISCO	1LB	3.89	CAPITAL CANDY
00051500243954	CRISCO OIL 12/16 OZ	CRISCO	16OZ	2.99	CAPITAL CANDY
00051600000020	LEA & PER WORCESTERSHIRE 12/5OZ	LEA	5OZ	2.89	CAPITAL CANDY
00070158112054	KRAZY GLUE G40 .07 OZ	KRAZY	1CT	1.69	CAPITAL CANDY
00070330913332	BIC PEN MED POINT BLUE  10 PK	BIC	10CT	2.99	CAPITAL CANDY
00070462062083	RED 5 OZ HANGING BAG	SWEDISH FISH	5.0 OZ	1.59	CAPITAL CANDY
00070462062250	SOUR PATCH KIDS 5.0 OZ PEG BAG	SOUR	5.0 OZ	1.59	CAPITAL CANDY
00070462431414	X-TREME 4.0 OZ  HANGING	SOUR PATCH	4.0 OZ	1.59	CAPITAL CANDY
071698111194	ADIRONDAK 12/1 LTR SELTZER ORIG.	ADIRONDAK	1 LIT	.99	CAPITAL CANDY
00071921534844	"DIGIORNO 12"" PEPPERONI 12CT"	DIGIORNO	1CT	7.89	CAPITAL CANDY
00072799490195	ORIG CARAMEL FILLED 12/5.5	WERTHERS	PKT	2.89	CAPITAL CANDY
00073731004197	BURRITO TORTILLA 12/20 OZ	MISSION	20 OZ	3.59	CAPITAL CANDY
075720005307	POLAND SPRKLNG 1LTR LIME 12CT	POLAND	12CT	1.59	CAPITAL CANDY
076606153051	H.H. COCKTAIL ONIONS 12/3 OZ	HADDON HOUSE	3.00 OZ	1.59	CAPITAL CANDY
076642401802	CANDLES BIRTHDAY SPIRAL 12/12 CT	CANDLES	1CT	1.19	CAPITAL CANDY
076828046704	WET ONES 12/40'S	WET ONES	40CT	3.39	CAPITAL CANDY
00078354101087	CABOT COTTAGE CHEESE 12/1 LB	CABOT	1LB	2.99	CAPITAL CANDY
00078354505182	CABOT DIP FRENCH ONION 12/12OZ	CABOT	12OZ	2.19	CAPITAL CANDY
00078354700471	CABOT BAR EX SHARP 12/8 OZ	CABOT	8OZ	4.09	CAPITAL CANDY
078698132730	POWER STEERING FLUID 12/12 OZ	GUNK	12OZ	2.49	CAPITAL CANDY
00078698415109	GUNK GAS TREATMENT 12/12 OZ	GUNK	12OZ	2.69	CAPITAL CANDY
00079200619008	WONKA CHEWY SPREE 12/7.0 OZ PEG	WONKA	7OZ	2.29	CAPITAL CANDY
307660744207	TUMS ORIGINAL 12/12'S	TUMS	12CT	.99	CAPITAL CANDY
312546051157	HALLS BAG MENTHOLYPTUS 30 CT	HALLS	1CT	2.69	CAPITAL CANDY
312546051218	BAG VIT C ASST. DEFENSE 30 CT	HALLS	1CT	2.69	CAPITAL CANDY
602652171116	CRANBRY&ALMOND ANTIOX12CT	KIND BAR	BOX	2.19	CAPITAL CANDY
602652171185	PEANUT BUTTER & STAWBRY 12	KIND BAR	BOX	2.19	CAPITAL CANDY
602652171215	POM/BLBRY/PISTACHIO 12 CT	KIND BAR	PKT	2.19	CAPITAL CANDY
602652171246	KIND BAR FRUIT&NUT DELIGHT 12 CT	KIND BAR	PKT	2.19	CAPITAL CANDY
602652171277	FRUIT/NUT IN YOGURT 12 CT	KIND BAR	PKT	2.19	CAPITAL CANDY
602652171505	DK CHOC CHERRY& CASHEW 12	KIND BAR	BOX	2.19	CAPITAL CANDY
602652171567	PB DRK CHOC & PROTIEN 12	KIND BAR	BOX	2.19	CAPITAL CANDY
602652171796	CARAMEL ALMND & SEA SALT	KIND BAR	1.6OZ	2.19	CAPITAL CANDY
719410500122	5HR ENGY DRINK BERRY 12/2 OZ	5-HOUR	2 OZ	2.69	CAPITAL CANDY
722252300904	CHOCOLATE CHIP 12/2.4 OZ	CLIF	2.4 OZ	1.99	CAPITAL CANDY
722252301208	CRUNCHY PEA BUTTER 12/2.4	CLIF	12CT	1.99	CAPITAL CANDY
722252301307	CHOC CP PEA'T CRUNCH 12/2.	CLIF	12CT	1.99	CAPITAL CANDY
722252301406	CLIF BAR CARROT CAKE 12/2.4 OZ	CLIF	12CT	1.99	CAPITAL CANDY
722252302007	COOL MINT CHOCOLATE 12/2.4	CLIF	2.4 OZ	1.99	CAPITAL CANDY
722252361097	WHITE CHOC MACDAMIA 12/2.4	CLIF	2.4 OZ	1.99	CAPITAL CANDY
722252368003	CLIF NTR BTR HAZELNUT 12 CT	CLIF	1.76OZ	2.49	CAPITAL CANDY
722252368010	CLIF NTR BTR CHOC PNT BTR 12 CT	CLIF	1.76OZ	2.49	CAPITAL CANDY
722252368027	BTR COCONUT ALMND BTR 12CT	CLIF	1.76OZ	2.49	CAPITAL CANDY
722252500137	CLIF BAR OATMEAL RAISIN 12 CT BX	CLIF	BX	1.99	CAPITAL CANDY
722252600424	BUILDER'S CHOCOLATE BAR 12 CT	CLIF	BAR	2.49	CAPITAL CANDY
722252600448	BUILDER'S CHOCOLATE MINT 12 CT	CLIF	BAR	2.49	CAPITAL CANDY
816012010285	SALTED & RSTED ORIG 12CT	BIGS	2.75OZ	1.09	CAPITAL CANDY
851587003447	BLK CHERRY YOGURT 12CT	GREEN MOUNTAIN	5.3 OZ	1.29	CAPITAL CANDY
851587003485	GR MT CRMERY MAPLE YOGURT 12CT	GREEN MOUNTAIN	5.3 OZ	1.29	CAPITAL CANDY
851587003522	BLUEBERRY YOGURT 12CT	GREEN MOUNTAIN	5.3 OZ	1.29	CAPITAL CANDY
851587003546	GR MT CRMERY PEACH YOGURT 12CT	GREEN MOUNTAIN	5.3 OZ	1.29	CAPITAL CANDY
851587003591	GR MT CRMERY COFFEE YOGURT 12CT	GREEN MOUNTAIN	5.3 OZ	1.29	CAPITAL CANDY
851587700349	GR MT CRMERY COCONUT YOGURT 12CT	GREEN MOUNTAIN	5.3 OZ	1.29	CAPITAL CANDY
855019000028	EX VRGN OLIVE OIL 12/17	BOTTICELLI	17 OZ	8.09	CAPITAL CANDY
875750000729	CHARCOAL LIGHTER FLUID 12/QTS.	CHARCOAL	1QRT	3.69	CAPITAL CANDY
10008562000275	SONY C 2PK BATTERIES	SONY	2CT	3.29	CAPITAL CANDY
10012587000707	KITCHEN LG 12/15 CT  00070/SF	GLAD	1CT	4.39	CAPITAL CANDY
10012587000790	TRASH 30 GAL.12/10 CT. 00079	GLAD	1CT	4.39	CAPITAL CANDY
10012587607715	GLAD SNDWCH BAG 12/180 CT.#60771	GLAD	1CT	2.39	CAPITAL CANDY
10012587700287	LAWN 39 GAL QUICK TIE 12/12CT	GLAD	1CT	6.99	CAPITAL CANDY
10013000006405	HEINZ KETCHUP SQUEEZE 12/20 OZ	HEINZ	20OZ	3.29	CAPITAL CANDY
10013000008140	HEINZ VINEGAR CIDER 12/32 OZ	HEINZ	32OZ	2.69	CAPITAL CANDY
10013000008546	HEINZ VINEGAR WHITE 12/32 OZ	HEINZ	32.00 OZ	2.09	CAPITAL CANDY
10013000798003	HEINZ GRAVY H/S BEEF 12/12OZ	HEINZ	12OZ	2.49	CAPITAL CANDY
10013000798201	HEINZ GRAVY H/S CHICKEN 12/12 OZ	HEINZ	12/12 OZ	2.49	CAPITAL CANDY
10013120002868	CRINKLE CUT FRIES 12/32 OZ	ORE IDA	32.00 OZ	4.19	CAPITAL CANDY
10013120003926	ORE IDA HASHBROWNS 12/27OZ	ORE IDA	27OZ	4.19	CAPITAL CANDY
10013120014281	ORE IDA ONION RINGS 12/16OZ	ORE IDA	16OZ	4.59	CAPITAL CANDY
10013409918101	BBQ SAUCE 12/18OZ	SWEET BABY RAYS	18 OZ	2.79	CAPITAL CANDY
10013562000040	ANNIE'S SHELL/CHEDDAR 12/6 OZ	ANNIE'S	6 OZ	2.39	CAPITAL CANDY
10013600020016	SALT KOSHER DIAMOND 12/48 OZ	SALT	48OZ	2.89	CAPITAL CANDY
10013800103212	LASAGNA SNGL SRV 12/10.5 1184	STOUFFERS	10OZ	3.89	CAPITAL CANDY
10013800166860	L/C CHEESE RAVIOLI 12/8 2037	STOUFFERS	8OZ	3.39	CAPITAL CANDY
10013800447850	STOUF MAC/BEEF/TOM 12/ 12.7OZ	STOUF	12.7OZ	3.89	CAPITAL CANDY
10014500004380	BE GREEN BEANS CUT PLY BG12/16	BE	16OZ	2.19	CAPITAL CANDY
10014500004403	BE VEGETABLES MIXED 12/16 OZ	BE	16.00 OZ	2.19	CAPITAL CANDY
10014500004427	BE PEAS BABY PEAS 12/10 OZ	BE	10.00 OZ	2.19	CAPITAL CANDY
10014800000327	MOTTS APPLE JUICE 12/32OZ	MOTTS	32OZ	2.09	CAPITAL CANDY
10014800513247	MOTTS CLAMATO 12/32 OZ	MOTTS	32.00 OZ	3.69	CAPITAL CANDY
10014800582045	REAL LIME JUICE 12/8 OZ X	REAL	8OZ	2.29	CAPITAL CANDY
10014800582236	REAL LEMON JUICE 12/15 OZ	REAL	16OZ	2.79	CAPITAL CANDY
10016000197265	B/C BROWNIE MIX 12/18.3 OZ	BETTY CROCKER	18.3 OZ	2.19	CAPITAL CANDY
10016000274898	SCALLOPED POTATOES 12/4.9 OZ.	BETTY CROCKER	4OZ	2.49	CAPITAL CANDY
10016000275260	GEN MILLS CHEERIOS 12/8.9OZ	GENERAL MILLS	8.9 OZ	4.39	CAPITAL CANDY
10016000275277	GEN MILLS CHEERIO H/NUT 12/12 OZ	GENERAL MILLS	12OZ	5.19	CAPITAL CANDY
10016000429403	B/C PIE CRUST MIX 12/11 OZ	BETTY CROCKER	11OZ	3.09	CAPITAL CANDY
10017800450079	PURINA CAT CHOW 12/18 OZ	PURINA	18OZ	2.79	CAPITAL CANDY
10018000287946	PILLS READY PIE CRUST 12/14 OZ	PILLS	14OZ	3.49	CAPITAL CANDY
10018700000050	SUE BEE HONEY 12/16 OZ	SUE	16OZ	7.39	CAPITAL CANDY
10019200025222	LYSOL BOWL CLEANER 12/24 OZ	LYSOL	24OZ	3.29	CAPITAL CANDY
10019200026991	BASIN/TUB/TILE TRIG. 12/32OZ	LYSOL	32OZ	5.79	CAPITAL CANDY
10019200028452	SPRAY SPR WATERFALL 12/12 OZ	LYSOL	12OZ	6.59	CAPITAL CANDY
10019600920310	VAN DE KAMP FISH STICK 12/12 OZ	VAN DE KAMP	12OZ	5.09	CAPITAL CANDY
10019800001169	DRANO LIQUID  12/32 OZ	DRANO	32OZ	3.59	CAPITAL CANDY
10019800703438	WINDEX TRIGGER 12/23 OZ	WINDEX	23OZ	5.39	CAPITAL CANDY
10020000176816	GG SPINACH CHOPPED BOX 12/9OZ	GENERAL MILLS	9OZ	2.19	CAPITAL CANDY
10020662000122	BUTTER FLVR POPCORN 12/3 PK	NEWMANS	10OZ	2.79	CAPITAL CANDY
10020662000207	MARINARA SPAG.SCE.12/24 OZ	NEWMANS	24 OZ	3.29	CAPITAL CANDY
10020662000962	NEWMAN SALSA MEDIUM 12/16 OZ.	NEWMAN	16 OZ.	3.49	CAPITAL CANDY
10020662002652	TOM RSTD GARLIC SCE 12/26	NEWMANS	26 OZ	3.29	CAPITAL CANDY
10021000026934	KRAFT MIRACLE WHIP 12/15 OZ	KRAFT	15OZ	5.09	CAPITAL CANDY
10022000265866	SKITTLES MASHUPS 12/7.2 OZ	SKITTLES	7.2 OZ	2.39	CAPITAL CANDY
10022200963692	MENNEN LADY SPEED STICK 1.4 OZ	MENNEN	1OZ	2.59	CAPITAL CANDY
10023100015627	PEDIGREE 22OZ CHICKEN & RICE	PEDIGREE	22OZ	1.99	CAPITAL CANDY
10024000162961	DELMONTE BEAN CUT WAXED 14.5 OZ	DELMONTE	14.5 OZ	2.29	CAPITAL CANDY
10024100226426	CHEEZ-IT ORIG 12/4.5OZ BOX	CHEEZ	4OZ	2.19	CAPITAL CANDY
10024291150104	HOUSEHOLD CANDLES 4 CT	HOUSEHOLD	4 CT	1.99	CAPITAL CANDY
10024600010983	MORTON SALT+PEPPER SET 12/2PK	MORTON	2PK	3.29	CAPITAL CANDY
10025000025610	M MAID LEMONADE 12/12 OZ	MINUTE MAID	12OZ	2.19	CAPITAL CANDY
10025700003301	ZIP LOC STORAGE QT 12/24 CT	ZIP LOC	24CT	3.89	CAPITAL CANDY
10025700003882	ZIP LOC FRZ.BAG QUART 12/19CT	ZIP LOC	19CT	3.99	CAPITAL CANDY
10025700711473	ZIP LOC SAND BAG 12/90CT	ZIP LOC	90CT	4.59	CAPITAL CANDY
10026000013236	ELMER GLUE-ALL 1.25 OZ	ELMER	1.25 OZ	1.09	CAPITAL CANDY
10028500100058	LUCKYLEAF APPLE PIE FIL 12/21 OZ	LUCKYLEAF	21OZ	4.19	CAPITAL CANDY
10029000010069	TRAIL MIX SWT&NUTY POUCH 12/6	PLANT	6OZ	3.29	CAPITAL CANDY
10029000012575	PLANT BIG BAG HR PEANUTS 12/6OZ	PLANT	6OZ	1.99	CAPITAL CANDY
10029000012582	BIG BAG SALTED PEANUTS 12/60Z	PLANT	6OZ	1.99	CAPITAL CANDY
10029000015446	PLANT BIG BAG DRY ROASTED 12/6OZ	PLANT	6OZ	1.99	CAPITAL CANDY
10029000072121	PLANT CAN COCKTL PNUT 12/12 OZ	PLANT	12OZ	4.39	CAPITAL CANDY
10029000072197	TRAIL MIX SPCY NUTS&CJUN STIX	PLANT	6OZ	3.29	CAPITAL CANDY
10029000074368	BIG BAG SALTED CASHEWS 12/3OZ	PLANT	3OZ	2.19	CAPITAL CANDY
10029000074498	BIG BAG H.R. CASHEWS 12/3OZ	PLANT	3OZ	2.19	CAPITAL CANDY
10029000078625	TRAIL MIX NUT&CHOC POUCH 12/6	PLANT	6OZ	3.29	CAPITAL CANDY
10030000050702	AUNT J COMPLETE PC MX 12/2 LB	AUNT	32OZ	3.89	CAPITAL CANDY
10030000316846	QUAKER INST VARIETY PK 12/15 OZ	QUAKER	15OZ	4.49	CAPITAL CANDY
10030771095084	HOT DOGS MCKENZIE MEAT 12/14OZ	HOT	14 OZ	4.99	CAPITAL CANDY
10033400612839	LIGHT N FLUFY WIDE 12/12OZ+B622	NOODLE	12OZ	2.59	CAPITAL CANDY
10034000041302	YORK PEPPERMINT PATTY BG 12	YORK	6OZ	2.79	CAPITAL CANDY
10034000055057	UNSWEET BAKING CHOC 12/4 OZ+B622	HERSHEY	4 OZ	2.59	CAPITAL CANDY
10034000116017	REESE PIECES HNG BAG 12/6 OZ	REESE	6 OZ	2.79	CAPITAL CANDY
10034000134103	HERSHEY KISSES HANGING BG 12/5.3	HERSHEY	5.3 OZ	2.79	CAPITAL CANDY
10034000144003	REESE PNT BUTTER CHIP 12/10 OZ	REESE	10OZ	3.99	CAPITAL CANDY
10034000148308	HERSHEY S/S CHOC CHIP 12/12 OZ	HERSHEY	12.00 OZ	3.89	CAPITAL CANDY
10034000212108	HERSHEY MINITURES HANGING BG 12	HERSHEY	5.3 OZ	2.79	CAPITAL CANDY
10034000376008	ROLO HANGING BG 5.3 OZ 12CT	ROLO	5.3 OZ	2.79	CAPITAL CANDY
10034000446008	MINITURE HANGING BG 12  44600	REESE	5.3 OZ	2.79	CAPITAL CANDY
10034000446114	REESE P/B CUPS SF PEG BAG 44611	REESE	3.0 OZ	3.09	CAPITAL CANDY
10034000470201	REESE PB CUP MINIS POUCH 12/8 OZ	REESE	8 OZ BAG	5.29	CAPITAL CANDY
10034000544001	LICORICE TWIZZLERS 12/7 OZ	LICORICE	7.0 OZ	1.99	CAPITAL CANDY
10034000544025	TWIZZLERS STRAWBERRY 12/7 OZ	TWIZZLERS	7OZ	1.99	CAPITAL CANDY
10034500024371	BE PEAS FROZ POLY BAG 12/13 OZ	BE	13OZ	2.19	CAPITAL CANDY
10036200002503	RAGU SPAG SAUCE PLAIN O/W 23OZ	RAGU	23OZ	3.49	CAPITAL CANDY
10036200003005	RAGU SPAG SAUCE W/MEAT 23OZ.	RAGU	23OZ	3.49	CAPITAL CANDY
10036200003500	RAGU SPAG SAUCE W/MUSH 23OZ	RAGU	23OZ	3.49	CAPITAL CANDY
10036800326771	BABY WIPES UNSCENTED T-C 12/72CT	BABY	1CT	4.49	CAPITAL CANDY
10037000301650	OVERNITE THIN W/WINGS 12/14	ALWAYS	14CT	4.49	CAPITAL CANDY
10037000435157	MR CLEAN MAGIC ERASER 12/2PK	MR CLEAN	2PK	2.69	CAPITAL CANDY
10037000800498	FABRIC SOFT SHEET 12/40 CT	BOUNCE	40CT	3.59	CAPITAL CANDY
10038900008182	DOLE PINEAPPLE JUICE 12/46 OZ	DOLE	46OZ	3.09	CAPITAL CANDY
10038900011021	DOLE PINEAPPLE SLICED 12/20 OZ	DOLE	20OZ	2.29	CAPITAL CANDY
10038900014732	PINEAPPLE CHUNK/JUICE 12/20 OZ	DOLE	20OZ	2.29	CAPITAL CANDY
10038900016132	DOLE PINEAPPLE CRUSHED 12/20OZ	DOLE	20OZ	2.29	CAPITAL CANDY
10039000008003	ORTEGA TACO SHELL 12/12 CT.	ORTEGA	12CT	2.79	CAPITAL CANDY
10039000008904	ORTEGA TACO SAUCE MILD 12/8 OZ.	ORTEGA	8.00 OZ	2.39	CAPITAL CANDY
10039000010129	ORTEGA SOFT TACO DINNER 12/15.2	ORTEGA	15OZ	3.79	CAPITAL CANDY
10039000010952	ORTEGA BEANS REFRIED 12/16 OZ.	ORTEGA	16.00 OZ	2.09	CAPITAL CANDY
10039400016035	BUSH BEST BEANS W/ONIONS 12/28OZ	BUSH	28 OZ	2.89	CAPITAL CANDY
10039400016141	BEST ORIG.BAKED BEAN 12/28 OZ	BUSH	28OZ	2.89	CAPITAL CANDY
10039400019708	BUSH BEST MAPLE CURED BEAN 12/28	BUSH	28OZ	2.89	CAPITAL CANDY
10040000015021	SNICKERS HANGING BAG 12/5 OZ	SNICKERS	5OZ	2.39	CAPITAL CANDY
10040000017315	M&M PLAIN HANGING BAG 12/5.3 OZ	M&M	5.3OZ	2.79	CAPITAL CANDY
10040000017322	M&M PEANUT HANGING BAG 12/5.3 OZ	M&M	5.3OZ	2.79	CAPITAL CANDY
10040000140884	TROP. 12/6.75 OZ HANGING	STARBURST	6OZ	2.39	CAPITAL CANDY
10040000140921	SKITTLES 12/8 OZ	SKITTLES	8OZ	2.39	CAPITAL CANDY
10040000140938	SKITTLES SOUR 12/6 OZ	SKITTLES	6OZ	2.39	CAPITAL CANDY
10040000141140	ORIG 12/7.2 HANGING BAG	STARBURST	7.2OZ	2.39	CAPITAL CANDY
10041000004220	VEG.SOUP/DIP MIX 12/1.8 OZ.	LIPTON	1.8 OZ.	2.29	CAPITAL CANDY
10041000437929	LIPTON TEA BAGS  12/20'S	LIPTON	20CT	1.99	CAPITAL CANDY
10041129020606	PRINCE LASAGNA 12/16 OZ.	PRINCE	16OZ	2.69	CAPITAL CANDY
10041129410285	PRINCE SHELLS MEDIUM 12/16 OZ	PRINCE	16OZ	2.09	CAPITAL CANDY
10041129420482	PRINCE ROTINI 12/16 OZ	PRINCE	16OZ	2.09	CAPITAL CANDY
10041129453176	PRINCE ZITI WITH LINES 12/16 OZ.	PRINCE	16OZ	2.09	CAPITAL CANDY
10041165006312	CUP 9OZ CLR HARD PLSTC 12/40CT	SOLO	40CT	4.69	CAPITAL CANDY
10041196101079	PROG. BALSAMIC VINEGAR 12/12 OZ	PROG	12 OZ	3.09	CAPITAL CANDY
10041196891024	BRD CRUMB ITALIAN SEAS.12/15 OZ.	PROGRESSO	610002	2.29	CAPITAL CANDY
10041196891086	BREAD CRUMBS PLAIN 12/15 OZ	BREAD	15OZ	2.39	CAPITAL CANDY
10041255430782	BLUEBERRY FILLING 12/21 OZ	COMSTOCK	21OZ	6.09	CAPITAL CANDY
10041321006521	W-BONE DELUXE FRENCH 12/8 OZ	W-BONE	8OZ	2.09	CAPITAL CANDY
10041387530107	BREAD CRUMBS PLAIN PANKO 12/8 OZ	BREAD	8OZ	2.49	CAPITAL CANDY
10041390010221	KIKKOMAN TERYAKI SAUCE 12/1O OZ	KIKKOMAN	10OZ	2.59	CAPITAL CANDY
10041419420055	CHEDDAR CHEESE PRETZEL12/6.3	COMBOS	PKT	2.39	CAPITAL CANDY
10041419420079	CHED CHEESE CRACKER 12/6.3	COMBOS	PKT	2.39	CAPITAL CANDY
10041419420086	PEPPERONI PIZZA CRCKR 12/6.3	COMBOS	PKT	2.39	CAPITAL CANDY
10041419420116	BUFFALO BLU CHS PRETZ 12/6.3	COMBOS	PKT	2.29	CAPITAL CANDY
10041570050399	HAB BBQ ALMONDS 12/6OZ	BLUE DIAMOND	6 OZ	5.19	CAPITAL CANDY
10041570052348	WASABI ALMONDS 12/6OZ	BLUE DIAMOND	6 OZ	5.19	CAPITAL CANDY
10041580000032	CHERRY MARACHINO PL 12/10 OZ	CHERRY	10OZ	2.09	CAPITAL CANDY
10041617002275	BAKING POWDER RUMFORD 12/8 OZ	BAKING	8OZ	2.99	CAPITAL CANDY
10042187029266	B-Y CEREAL RAISIN BRAN 12/18 OZ	B-Y	18OZ	3.09	CAPITAL CANDY
10042187211685	HONEY GRAHAM CRACKER 12/16 OZ.	B-Y	16OZ	3.29	CAPITAL CANDY
10042187212262	B-Y SUGAR CONES 12/12 CT	B-Y	1CT	1.69	CAPITAL CANDY
10042187212279	B-Y ICE CREAM CAKE CUP 12/12CT	B-Y	1CT	1.29	CAPITAL CANDY
10042187309597	CUP 16OZ(B-Y TRANS)12/18CT	CUP	16OZ	1.89	CAPITAL CANDY
10042187309672	CUP 16OZ(B-Y PARTY CUP)12/20CT	CUP	20CT	2.49	CAPITAL CANDY
10042187309719	CUP 9OZ B-Y 12/50CT	CUP	50CT	3.79	CAPITAL CANDY
10042187338680	B-Y MAYONNAISE 12/15 OZ	B-Y	15OZ	2.29	CAPITAL CANDY
10042187403103	B-Y TRASH BAG 30 GAL 12/10 CT	B-Y	10CT	2.09	CAPITAL CANDY
10042187403127	TRASH TALL KITCHEN BAG12/15CT	B-Y	15CT	2.19	CAPITAL CANDY
10042187403141	B-Y PLASTIC WRAP 12/100 FT.	B-Y	1CT	1.89	CAPITAL CANDY
10042187403172	SANDWICH BAG RECLOSABLE 12/50CT	B-Y	50CT	1.99	CAPITAL CANDY
10042187404667	B-Y STRAW. PRESERVE 12/18 OZ	B-Y	18OZ	2.79	CAPITAL CANDY
10042187404681	B-Y RASPBERRY PRESERVE 12/18 OZ	B-Y	18OZ	3.69	CAPITAL CANDY
10042187407071	B-Y COCONUT 12/7 OZ	B-Y	7OZ	1.99	CAPITAL CANDY
10042187426072	B-Y BROWNIE MIX 12/18 OZ	B-Y	18 OZ	2.39	CAPITAL CANDY
10042187426560	B-Y CEREAL FROSTED FLAKE 12/15OZ	B-Y	15OZ	2.49	CAPITAL CANDY
10042187426874	B-Y TRASH TALL KITCHEN 12/35 CT.	B-Y	35CT	4.59	CAPITAL CANDY
10042187426881	B-Y TRASH CLEAR KITCHEN 12/35 CT	B-Y	35CT	4.19	CAPITAL CANDY
10042187426911	TRASH LAWN+LEAF BAG12/12CT39GAL	B-Y	1CT	3.99	CAPITAL CANDY
10042187428670	B-Y CEREAL FRUIT RINGS 12/12OZ	B-Y	12OZ	2.79	CAPITAL CANDY
10042187428687	B-Y CEREAL RICE CRISP 12/12 OZ	B-Y	12OZ	2.39	CAPITAL CANDY
10043000057886	SHAKE-N-BAKE CHICK 12/4.5 OZ	SHAKE-N-BAKE	4.5 OZ	3.49	CAPITAL CANDY
10043000951177	COUNTRY TIME LEMONAID 12/20 OZ.	COUNTRY	20OZ	4.59	CAPITAL CANDY
10043100750502	ENVELOPES BX PLAIN 10 INCH 50 CT	ENVELOPES	1CT	2.09	CAPITAL CANDY
10043318130226	GREEN SPRAY CLEANER 12/22OZ	SIMPLE	22OZ	4.79	CAPITAL CANDY
10044000004887	NAB GRAHAM CRACKER 488 14.4OZ	NAB	14OZ	4.79	CAPITAL CANDY
10044000007499	NAB 5 OZ OREO 12CT	NAB	5OZ	2.19	CAPITAL CANDY
10044000027343	NAB NILLA WAFER 2734 11 OZ.	NAB	11OZ	4.79	CAPITAL CANDY
10044000034242	NAB 3.4 OZ RITZ 3424 12CT	NAB	3.4OZ	2.19	CAPITAL CANDY
10044000035515	NAB NUTTER BUTTER 3551 4.8 OZ	NAB	4.8OZ	2.19	CAPITAL CANDY
10044000042254	NAB FIG NEWTON 6.5OZ #4225	NAB	6.5OZ	2.19	CAPITAL CANDY
10044000050983	NAB TRISCUIT 12/8.5OZ	NAB	8.5OZ	4.19	CAPITAL CANDY
10044100103671	HOOD QT 1/2 & 1/2 CREAM	HOOD	QT	2.89	CAPITAL CANDY
10044115008015	HUMMUS CLASSIC ORIG.12/8 OZ	CEDARS	8 OZ	2.79	CAPITAL CANDY
10044224671780	BEN'S 30 ECO SPRAY 12/6OZ	BEN'S	6.00 OZ	7.69	CAPITAL CANDY
10044300125138	LACHOY SOY SAUCE 12/10 OZ	LACHOY	10OZ	2.69	CAPITAL CANDY
10044600016297	CLOROX KITCHEN WIPES 12/32 CT	CLOROX	1CT	3.79	CAPITAL CANDY
10044600307685	BLEACH CONCENTRATE 12/30 OZ	CLOROX	30OZ	2.29	CAPITAL CANDY
10044600339105	LESTOIL 12/28 OZ	LESTOIL	28OZ	4.79	CAPITAL CANDY
10044600711758	LIGHTER FLUID BOTL 12/32	KINGSFORD	32OZ	4.89	CAPITAL CANDY
10044800501012	SWEET-N-LOW GRAN SWTNR 12/50 CT	SWEET	1CT	1.59	CAPITAL CANDY
10046000287321	OEP SOFT TACO DINNER 12/12.5	OEP	12OZ	3.89	CAPITAL CANDY
10046000851317	OEP TACO SAUCE MED 12/8 OZ.	OEP	8.00 OZ	2.09	CAPITAL CANDY
10046500013536	RAID WASP+HORNET 12/14 OZ	RAID	14 OZ	7.69	CAPITAL CANDY
10046500018425	OFF DEEP WOODS AERO 12/6OZ	OFF	6OZ	8.99	CAPITAL CANDY
10046500218450	OFF DEEP WOODS SPRITZ 12/6 OZ	OFF	6OZ	8.79	CAPITAL CANDY
10046500723725	PLEDGE LEMON AERO 12/9OZ	PLEDGE	9OZ	5.89	CAPITAL CANDY
10046500733328	GLADE CLEAN LINEN 12/8OZ	GLADE	8OZ	1.69	CAPITAL CANDY
10047400240404	GILLETTE FOAMY 11 OZ  #4040	GILLETTE	11.00 OZ	2.89	CAPITAL CANDY
10048500008604	TROP 15OZ ORANGE JUICE 12CT	TROP	15OZ	2.15	CAPITAL CANDY
10048500008611	TROP 15OZ  APPLE JUICE 12CT	TROP	15OZ	2.15	CAPITAL CANDY
10048500008635	TROP 15OZ GRAPE JUICE 12CT	TROP	15OZ	2.15	CAPITAL CANDY
10048500017750	TROP PREM NO PULP 12/12OZ PLSTC	TROP	12OZ	1.89	CAPITAL CANDY
10048500017774	TROP PREM SOME PULP 12/12OZ PLST	TROP	12OZ	1.89	CAPITAL CANDY
10048500017798	TROP PREM APPLE 12/12OZ	TROP	12OZ	1.79	CAPITAL CANDY
10050000043801	INDOOR DELIGHT 12/16.2 OZ.	FRISKIE	16OZ	2.49	CAPITAL CANDY
10051000106626	CAMP 12/18OZ CHKY SIRLOIN BRGR	CAMP	18OZ	3.29	CAPITAL CANDY
10051000138047	V-8 JUICE PET 12/12 OZ.	V-8	11OZ	1.69	CAPITAL CANDY
10051000179651	CAMP VEG W/ALPHBETS 12/10.5 OZ	CAMP	10OZ	2.29	CAPITAL CANDY
10051000179682	CAMP SPL/PEA HAM&BAC 12/11.5	CAMP	11OZ	2.19	CAPITAL CANDY
10051000186956	PREGO 24OZ SPAG SAUCE MEAT 12CT	PREGO	24OZ	3.49	CAPITAL CANDY
10051000186970	24OZ SPAG SCE MUSHRM 12/24OZ	PREGO	24OZ	3.49	CAPITAL CANDY
10051000187168	PREGO 24OZ SPAG SAUCE PLN.12CT	PREGO	24OZ	3.49	CAPITAL CANDY
10051500000202	SMUCKER BUTTERSCOTCH 12/12.25 Z	SMUCKER	12OZ	2.49	CAPITAL CANDY
10051500000264	SMUCKER STRAW I/C TOPP 11.75 OZ	SMUCKER	11OZ	2.49	CAPITAL CANDY
10051500000486	HOT FUDGE TOPPING 12/11.75	SMUCKER	11OZ	2.69	CAPITAL CANDY
10051500000899	SMUCKER RED RASP PRESV 12/12 OZ	SMUCKER	12OZ	3.69	CAPITAL CANDY
10051500255169	JIF P-BUTTER CREAMY 12/16 OZ	JIF	16 OZ	3.79	CAPITAL CANDY
10051500255374	JIF P-BUTTER CRUNCHY 12/16 OZ	JIF	16 OZ	3.79	CAPITAL CANDY
10052000325550	GATORADE 32OZ COOL BLUE	GATORADE	32OZ	2.29	CAPITAL CANDY
10052000338758	GATORADE 32OZ FRUIT PUNCH	GATORADE	32OZ	2.29	CAPITAL CANDY
10052000338772	GATORADE 32OZ LEMON-LIME	GATORADE	32OZ	2.29	CAPITAL CANDY
10052600112758	MARSHMALLOW FLUFF GLS 12/7.5 OZ	MARSHMALLOW	7OZ	1.29	CAPITAL CANDY
10053852001005	GR. MT. GRINGO SALSA MILD 12/16	GREEN MOUNTAIN	16OZ	5.49	CAPITAL CANDY
10053852002002	GR. MT. GRINGO SALSA HOT 12/16	GREEN MOUNTAIN	16.00 OZ	5.49	CAPITAL CANDY
10053852003009	GRINGO TORTILLA STRIP 12/8	GREEN MOUNTAIN	8 OZ	2.69	CAPITAL CANDY
10053852004006	GRINGO SALSA MED 12/16 OZ	GREEN MOUNTAIN	16OZ	5.49	CAPITAL CANDY
10053852004402	GR. MT. GRINGO BLUE CHIP 12/8OZ	GREEN MOUNTAIN	8 OZ	3.59	CAPITAL CANDY
10053852005003	GRINGO FIRE RST GARLIC SALS	GREEN MOUNTAIN	16 OZ	5.49	CAPITAL CANDY
10053852006000	GRINGO FIRE RSTD CHILE SALS	GREEN MOUNTAIN	16 OZ	5.49	CAPITAL CANDY
10054100000603	VLASIC KOSHER SPEARS 12/24 OZ	VLASIC	24OZ	3.89	CAPITAL CANDY
10054100004205	VLASIC SWT BUTTER CHIP 12/16 OZ	VLASIC	16OZ	3.19	CAPITAL CANDY
10054100018707	VLASIC SWEET RELISH 12/10 OZ	VLASIC	10OZ	2.19	CAPITAL CANDY
10054800010315	CONVERTED RICE 12/16OZ	UNCLE BENS	16OZ	2.19	CAPITAL CANDY
10054800020024	WILD RICE(LONG GRN)12/6	UNCLE BENS	6OZ	2.69	CAPITAL CANDY
10059290573494	WHOLE WHEAT CRACKERS 12/7 OZ	CARRS	7 OZ	5.49	CAPITAL CANDY
10064144030214	VEGETABLE COOKING SPRAY 12/6 OZ	PAM	6OZ	4.99	CAPITAL CANDY
10064144321701	MUSTARD SPICY SQZE 12/12 OZ	GULDEN	12OZ	2.09	CAPITAL CANDY
10070404000057	POMP.OLIVE  OIL EX VIRGIN 12/8OZ	POMP	8OZ	6.09	CAPITAL CANDY
10070427137099	"PIE SHELL 9"" ORONOQUE 12/16 OZ"	PIE	16OZ	3.59	CAPITAL CANDY
10070485908105	EX LRG PIE PAN 2/10 INCH	EZ	2.00 CT	2.39	CAPITAL CANDY
10070485908198	ROUND CAKE PAN 8 1/2 IN 3T	EZ	3.00 CT	2.09	CAPITAL CANDY
10070485908341	DEEP PIE 8 3/4X1 1/2 3 CT	EZ	3.00 CT	2.09	CAPITAL CANDY
10070485908433	EZ-843 CAKE PAN 2/12 1/8 X8 1/4	EZ	2.00 CT	2.79	CAPITAL CANDY
10071052000093	COLES GARLIC BREAD 12/16 OZ	COLES	16OZ	3.29	CAPITAL CANDY
10071100005509	RANCH ORIG 12/8 OZ.	HIDDEN VALLEY	8OZ	2.69	CAPITAL CANDY
10071159073112	CORN NUTS RANCH 12/4 OZ	CORN	4OZ	1.29	CAPITAL CANDY
10073286618785	BATH TISSUE JUMB RL 12C 120244	TORK	12CT		CAPITAL CANDY
10073299000089	BUSY BEE HONEY 12/16 OZ.	BUSY	16OZ	5.99	CAPITAL CANDY
10073299000096	BUSY BEE BEAR SQUEEZE 12/12OZ	BUSY	12OZ	4.49	CAPITAL CANDY
10074182260122	SOFT SOAP LIQ W/ALO SOAP 12/7.5	SOFT	7.5OZ	2.59	CAPITAL CANDY
10074300008032	VISINE .50 OZ	VISINE	1CT	6.09	CAPITAL CANDY
10075805303300	STELLA PARMESAN WEDGE 12/5OZ	STELLA	5 OZ	2.99	CAPITAL CANDY
10075877510133	FLASHLIGHT LED EVEREADY 3151LPB	FLASHLIGHT	1CT	1.69	CAPITAL CANDY
10078300070358	STAY FREE MAXI SUPER 12/10'S	STAY	10CT	2.29	CAPITAL CANDY
10078354505752	AM WHITE SINGLES IW 12/12 OZ	CABOT	12OZ	3.89	CAPITAL CANDY
10078354703905	CABOT SHRED CHEDDAR SHARP 12/8	CABOT	8OZ	4.09	CAPITAL CANDY
10078354703929	CABOT SHRED MOZZARELLA 12/8 OZ	CABOT	8OZ	4.09	CAPITAL CANDY
10078354708436	BAR SERIOUSLY SHARP 12/8 OZ	CABOT	8OZ	4.09	CAPITAL CANDY
10078354712402	CRM CHZ PLAIN BRICK 12/8 OZ.	CABOT	8OZ	2.29	CAPITAL CANDY
10078354828455	CABOT WHIP CREAM AERO 12/7OZ	CABOT	7OZ	2.89	CAPITAL CANDY
10079100902023	MILK BONE SMALL 12/24 OZ	MILK	24OZ	5.29	CAPITAL CANDY
10083605001204	IGGY ICE CRM SANDWICH 12 CT	BIGGY	7 OZ	2.69	CAPITAL CANDY
10098193000171	BAG BALM 12/8OZ	BAG	8.00 OZ	9.69	CAPITAL CANDY
10300000030506	QUAKER CORN MEAL 12/24 OZ.	QUAKER	24.00 OZ	2.49	CAPITAL CANDY
10300258109508	EQUAL LOW CAL SWEETNER 12/50 CT	EQUAL	50CT	2.29	CAPITAL CANDY
10301490039080	PEPTO BISMOL LIQUID 8 OZ	PEPTO	8OZ	5.49	CAPITAL CANDY
10323900014241	VICKS NYQUIL ORIG LIQ 12/8 OZ	VICKS	8 OZ	10.29	CAPITAL CANDY
10323900014357	DAYQUIL NO/DROWSY LIQ 12/8OZ	VICKS	8 OZ	10.29	CAPITAL CANDY
10605651303004	WHITE PAPER 9 IN 12/100 CT.	VINTAGE	100CT	3.49	CAPITAL CANDY
10644209307491	D-H CAKE MIX YELLOW 12/15.25 OZ	DUNCAN HINES	15OZ	2.79	CAPITAL CANDY
10644209307576	CAKE MIX DEVILS FOOD 12/16.5OZ	DUNCAN HINES	16.5OZ	2.89	CAPITAL CANDY
10644209332479	BROWNIE DBL FUDGE CHOC 12/17.6	DUNCAN HINES	17 OZ	3.59	CAPITAL CANDY
10722776200015	SPLENDA 12/50 CT	SPLENDA	12/50 CT	2.89	CAPITAL CANDY
10732913227331	DISH DETERGENT 12/25	7TH GENERATION	25 OZ	4.19	CAPITAL CANDY
10761720051105	KARO RED LABEL (LIGHT) 12/16 OZ	KARO	16OZ	3.49	CAPITAL CANDY
10761720988401	CORN STARCH ARGO 12/16 OZ	CORN	16OZ	2.29	CAPITAL CANDY
10798525160404	SNOWS N.E.CLAM CHOWDER 12/15 OZ	SNOWS	15OZ	2.49	CAPITAL CANDY
10798525160664	SNOWS CORN CHOWDER 12/15 OZ	SNOWS	15OZ	2.49	CAPITAL CANDY
10802763123289	SUNSWEET PRUNE JUICE 12/32 OZ	SUNSWEET	32OZ	4.19	CAPITAL CANDY
10811435002159	COPPER SCOURE PAD 12/2CT	CHORE BOY	2CT.	2.29	CAPITAL CANDY
10846036001621	GOOD SENSE WITCH HAZEL 12/16 OZ	GOOD	16 OZ	3.89	CAPITAL CANDY
10846036001720	RUBBING ALCOHOL 12/16 OZ	GOOD SENSE	16OZ	2.19	CAPITAL CANDY
10846036005148	ETHYL ALCOHOL 70% 12/16Z	GOOD SENSE	16 OZ	2.59	CAPITAL CANDY
10846036006640	GOOD SENSE EPSOM SALTS 12/16 OZ	GOOD	16 OZ	1.99	CAPITAL CANDY
10850067000829	MR COFFEE FILTERS 12/50CT	MR	50CT	1.09	CAPITAL CANDY
10894700010059	CHOBANI B.BERRY GREEK YGT 12/6OZ	CHOBANI	6OZ	1.89	CAPITAL CANDY
10894700010066	CHOBANI PEACH GREEK YGT 12/6OZ	CHOBANI	6OZ	1.89	CAPITAL CANDY
10894700010127	RASPBERRY GREEK YGT 12/6OZ	CHOBANI	6OZ	1.89	CAPITAL CANDY
10894700010158	POMEGRATE GREEK YGT 12/6OZ	CHOBANI	6OZ	1.89	CAPITAL CANDY
20027000419001	SNK PK CHOCOLATE PUDD. 12/13 OZ	SNACK PACK	13OZ	2.09	CAPITAL CANDY
20027000419018	SNACK PK VANILLA 12/13 OZ	SNACK	13OZ	2.09	CAPITAL CANDY
20027000500068	HUNTS SPAG.SAUCE. TRAD. 12/24 OZ	HUNTS	24OZ	1.89	CAPITAL CANDY
20027000612266	WESSON OIL 12/24 OZ	WESSON	24OZ	3.69	CAPITAL CANDY
20027000690264	WESSON CANOLA OIL 12/24 OZ	WESSON	24.00 OZ	4.29	CAPITAL CANDY
20036602072903	RICOLA C.D. CHERRY HONEY BAGS	RICOLA	3OZ	2.39	CAPITAL CANDY
20036602079179	C.D. ORIGINAL HERB BAG 12/3	RICOLA	3OZ	2.39	CAPITAL CANDY
20036602079483	C.D. LEMON MINT BAGS 12/3 OZ	RICOLA	3OZ	2.39	CAPITAL CANDY
20053800298959	OLIVES MANZANILLA 12/5.75OZ	LINDSAY	5OZ	3.09	CAPITAL CANDY
20070475000410	MUSHROOM PCS & STEMS 12/4OZ	GIORGIO	4OZ	1.19	CAPITAL CANDY
20070475000434	GIORGIO MUSHROOM SLICED 12/4OZ	GIORGIO	4OZ	1.49	CAPITAL CANDY
20070920474506	W/MARSHMALLOW ENV 12/7OZ	SWISS MISS	7OZ	2.69	CAPITAL CANDY
20072868000151	MOUSE TRAPS 12/2 PKS	MOUSE	PKT	1.69	CAPITAL CANDY
20073854009608	BICYCLE #808 POKER PLAYING CARD	BICYCLE	1CT	3.29	CAPITAL CANDY
20078698101211	GUNK ABS BRAKE FLUID 12/12 OZ	GUNK	BTL	3.89	CAPITAL CANDY
30021200516550	SCOTCH TRANPRNT TAPE#104 1/2X450	SCOTCH	1CT	1.89	CAPITAL CANDY
30054400000802	REGINA RED WINE VINEGAR 12/12 OZ	REGINA	12.00 OZ	2.39	CAPITAL CANDY
30072400711245	GRANDMA MOLASSES 12/12OZ	GRANDMA	12OZ	3.89	CAPITAL CANDY
30846036001595	THERMOMETER DIGITAL CARDED ORAL	THERMOMETER	1 CT	4.09	CAPITAL CANDY
40052100002901	SPRINKLES RAINBOW 12/2.5OZ	SPRINKLES	2.5 OZ	3.29	CAPITAL CANDY
50021200000008	KIT SCRUB SPONGE12/1CT	SCOTCHBRITE	1CT	1.49	CAPITAL CANDY
50301130161100	INFANTS DROP CHERRY12/1Z	GOOD SENSE	PKT	5.69	CAPITAL CANDY
50301130459344	ASPIRIN LOW DOSE ADLT 36	GOOD SENSE	71	1.59	CAPITAL CANDY
50301130608261	GOOD SENSE CHLD NON-ASP ELIX 4OZ	GOOD SENSE	4 OZ	4.39	CAPITAL CANDY
60044224012809	KID'S NEW LOK12CT#06-1280	AFTERBITE		4.59	CAPITAL CANDY
60044224068714	NATRAPEL 8 HR 12/3.4 OZ CARD	NATRAPEL	3.4 OZ	6.89	CAPITAL CANDY
60044224610302	AFTERBITE IMPROVED 12CT #06-1030	AFTERBITE		4.69	CAPITAL CANDY
000072801604	UVP BROCCOLI 14 CT	UVP	CASE	3.59	CAPITAL CANDY
00041333009612	AA 4-PK MN 1500 B4 14/4PK	DURACELL	4CT	5.39	CAPITAL CANDY
10016000487724	GEN MILLS CHEERIOS 14/12OZ	GEN	12OZ	5.09	CAPITAL CANDY
000082600303	EGGS WHITE LARGE CTN 15/DZ	EGGS	15DZ	2.69	CAPITAL CANDY
073390005764	MENTOS ROLLS MINT 15CT	MENTOS	1CT	1.19	CAPITAL CANDY
073390005771	MENTOS ROLLS ASST FRUIT 15CT	MENTOS	1CT	1.19	CAPITAL CANDY
10009800893710	NUTELLA HAZELNUT SPREAD 15/13 OZ	NUTELLA	JAR	4.49	CAPITAL CANDY
10025700003899	ZIP LOC FRZ.BAG GAL. 12/14 CT	ZIP LOC	14CT	3.09	CAPITAL CANDY
10041500220220	FRENCH FRY ONION 15/2.8OZ	FRENCHS	2.8OZ	2.79	CAPITAL CANDY
000080105008	HOOD QT MSTRK CHOC MILK 16/QT	HOOD	QT	1.69	CAPITAL CANDY
10041500000258	FRENCH MUSTARD SQUEEZE 16/14 OZ	FRENCH	14OZ	2.29	CAPITAL CANDY
20081864201103	SHELL PEANUTS SALTED 16/10OZ	SHELL	10OZ	1.79	CAPITAL CANDY
30081864202107	SHELL PEANUTS REG 16/10OZ	SHELL	10OZ	1.79	CAPITAL CANDY
010700061478	HEATH BAR 18/CT	HEATH	1.4 OZ	1.19	CAPITAL CANDY
012546010160	BUBBLICIOUS GRAPE 18CT	BUBBLICIOUS	5PK	.79	CAPITAL CANDY
012546010269	BUBBLICIOUS BUBBLE GUM 18 CT	BUBBLICIOUS	1CT	.79	CAPITAL CANDY
00016000107205	GOLD MEDAL FLOUR 18/2 LB	GOLD	2LB	2.19	CAPITAL CANDY
016000312616	NV GRAN BAR OATS N DK CHOC 18CT	NATURE VALLEY	1OZ	.79	CAPITAL CANDY
016000335301	NV GRAN BAR OAT-HONEY 18CT	NATURE VALLEY	1OZ	.79	CAPITAL CANDY
016000335509	NV GRAN BAR PNTBUTTER 18CT	NATURE VALLEY	1OZ	.79	CAPITAL CANDY
029000022126	PLANT TUBE NUT SALT P-NUTS 18CT	PLANT	18CT	.69	CAPITAL CANDY
029000072374	PLANT TUBE NUT SMOKE ALMOND	PLANT	N.5OZ	1.69	CAPITAL CANDY
029000073593	PLANT TUBE NUT HR CASHEW	PLANT	2OZ	1.39	CAPITAL CANDY
029000075689	PLANT TUBE NUT CASHEWS	PLANT	2OZ	1.39	CAPITAL CANDY
034000026418	CADBURY CARAMELLO 18 CT 02641	CADBURY	1.6 OZ	1.19	CAPITAL CANDY
034000109302	REESE NUTRAGEOUS 18 CT	REESE	1CT	1.19	CAPITAL CANDY
034000116508	REESE PCS KING SIZE 18CT 11650	REESE	3OZ	2.09	CAPITAL CANDY
034000152513	REESE FAST BREAK 18 CT STANDARD	REESE	1CT	1.19	CAPITAL CANDY
034000155033	FIFTH AVENUE 18 CT	FIFTH	1CT	1.19	CAPITAL CANDY
034000220007	HERSHEY MILK CHOC KING SIZE 18CT	HERSHEY	1CT	2.09	CAPITAL CANDY
034000544127	TWIZZLER TWIST STRAWBERRY 18 CT	TWIZZLER	2.5 OZ	1.19	CAPITAL CANDY
040000559856	DOVE CHOC DARK SINGLES 18 CT	DOVE	1CT	1.19	CAPITAL CANDY
00041333014616	AAA 4-PK MN2400B4 18/4PK	DURACELL	4CT	5.39	CAPITAL CANDY
00041333151618	AAA 2-PK MN2400 B2  18/2PK	DURACELL	2CT	3.09	CAPITAL CANDY
854253003918	DILL PICKLE SINGLE 18CT	NATURAL HARVEST	1 CT	1.39	CAPITAL CANDY
10017000124022	DIAL SOAP 4.5OZ. 18/3 PAK	DIAL	3CT	3.59	CAPITAL CANDY
10037000827570	IVORY SOAP 18/4 PAK 3.9 OZ.	IVORY	4CT	4.19	CAPITAL CANDY
10078300069857	PANTILINER ORIGNIAL 18/2O	CAREFREE	PKT	1.59	CAPITAL CANDY
10078354636043	CABOT BUTTER UNSALTED 18/1 LB	CABOT	1LB	5.79	CAPITAL CANDY
80079062005182	"16"" W/WIDEHEAD 18/1'S 518"	SNOWBRUSH	18CT	3.79	CAPITAL CANDY
000004803003	VICKS C DROP CHERRY 20 CT BX	VICKS	1CT	.89	CAPITAL CANDY
019000080653	LIFE SAVERS PEPPERMINT 20CT	LIFE SAVERS	1CT	.89	CAPITAL CANDY
019000080691	LIFE SAVERS BUTTERRUM 20CT	LIFE SAVERS	1CT	.89	CAPITAL CANDY
022000104281	LIFE SAVERS 5 FLAVOR 20CT	LIFE SAVERS	1CT	.89	CAPITAL CANDY
00041500847375	FRENCH MUSTARD SQUEEZE 20/8 OZ	FRENCH	8OZ	1.99	CAPITAL CANDY
312546050792	HALLS STICK CHERRY 20 CT	HALLS	1CT	1.39	CAPITAL CANDY
312546050822	HALLS STICK MENTHOL 20 CT	HALLS	1CT	1.29	CAPITAL CANDY
10041129010027	PRINCE SPAGHETTI THIN 20/16 OZ	PRINCE	16OZ	2.09	CAPITAL CANDY
10041129010034	PRINCE SPAGHETTI 20/16 OZ	PRINCE	16OZ	2.09	CAPITAL CANDY
10041129410155	PRINCE MACARONI ELBOW 20/16 OZ	PRINCE	16OZ	2.09	CAPITAL CANDY
30040100751267	FLEISCHMANN'S RAPID YEAST 20/3PK	FLEISCHMANN'S	3PK	2.59	CAPITAL CANDY
000061905009	B-Y NAPKINS 21/120CT	B-Y	120CT	1.59	CAPITAL CANDY
000012004409	NAB 2 OZ ANIMAL CRACKER 24/2OZ	NAB	2OZ	2.09	CAPITAL CANDY
000061300507	B-Y RED KIDNEY BEAN 24/15 OZ.	B-Y	15OZ	1.39	CAPITAL CANDY
000072802809	UVP CELERY SLEEVED 24 CT	UVP	1 CT	2.49	CAPITAL CANDY
000085220508	ICE CREAM SANDWICH 24 CT	CHESSTERS	4OZ	1.99	CAPITAL CANDY
000710000614	CHOCK FULL OF NUTS AMG 24/11OZ	CHOCK	11OZ	5.49	CAPITAL CANDY
004218740600	B-Y CORN W/KERNEL 24/15.4 OZ	B-Y	15OZ	1.09	CAPITAL CANDY
004218740618	B-Y PEAS(SWEET)CAN*24/15 OZ	B-Y	15OZ	1.19	CAPITAL CANDY
00006160660900	B-Y CRANBERRY SAUCE 24/14 OZ.	B-Y	14OZ	1.79	CAPITAL CANDY
00006200510400	B-Y FACIAL TISSUE 24/230 CT.	B-Y	230CT	2.59	CAPITAL CANDY
008660007025	ZIG ZAG CIG PAPER WHITE 24 CT	ZIG ZAG	1CT	2.09	CAPITAL CANDY
008660007247	ZIG ZAG CIG PAPER ORNG 1/4 24CT	ZIG ZAG	1CT	2.09	CAPITAL CANDY
008660007315	CIG PAPER 1 1/4 ULT THN24CT	ZIG ZAG	1CT	2.09	CAPITAL CANDY
010900003308	CUT RITE WAX PAPER 24/75	CUT	75FT	1.99	CAPITAL CANDY
011215509622	SKYBAR 24 CT BOX	SKYBAR	1CT	1.19	CAPITAL CANDY
011215512523	NECCO WAFERS 24 CT	NECCO	1CT	1.19	CAPITAL CANDY
022110279800	BUBBLE GUM TAPE 6 FT. 24 CT.	BUBBLE	1CT	1.39	CAPITAL CANDY
00027000399149	HUNTS TOMATO PASTE 24/6 OZ	HUNTS	6OZ	1.19	CAPITAL CANDY
00028000320003	SEMI SWT CHOC CHIP 24/12OZ	NESTLE	12OZ	4.39	CAPITAL CANDY
028000442262	SOUR APPLE ROPE 24 CT	LAFFY TAFFY	1CT	.49	CAPITAL CANDY
028000662264	LAFFY TAFFY MYSTERY ROPE 24CT	LAFFY TAFFY	1 CT	.49	CAPITAL CANDY
00034000312405	SYRUP SQZE BOTTLE 24/24 OZ	HERSHEY	24OZ	3.19	CAPITAL CANDY
034000480005	REESE KING 24/CT     48000	REESE	1CT	2.09	CAPITAL CANDY
034000714032	BREATHSAVER PEPPERMINT 24 CT/BX	BREATHSAVER	1CT ROLL	.99	CAPITAL CANDY
040000044017	MILKY WAY KS 24/CT	MILKY	1CT	2.09	CAPITAL CANDY
040000044314	M&M PLAIN KS BX 24/CT	M&M	1CT	2.09	CAPITAL CANDY
040000322528	SNICKER KING SIZE BAR 24/CT	SNICKER	1CT	2.09	CAPITAL CANDY
040000329701	STARBURST FAVEREDS SINGLES 24CT	STARBURST	1CT	1.19	CAPITAL CANDY
040000502654	PRETZEL 12/24 CT	M&M	1CT	1.19	CAPITAL CANDY
041420062612	LEMONHEAD 24 CT	LEMONHEAD	1CT	.39	CAPITAL CANDY
00041789902116	MARUCHAN RAMEN CHICKEN 24/3 OZ.	MARUCHAN	3OZ	.49	CAPITAL CANDY
00041789902123	MARUCHAN RAMEN BEEF 24/3 OZ.	MARUCHAN	3OZ	.49	CAPITAL CANDY
00041789902147	MARUCHAN RAMEN ORIENTAL 24/3 OZ.	MARUCHAN	3OZ	.49	CAPITAL CANDY
00043000200728	JELLO GEL RASPBERRY 24/3 OZ.	JELLO	3OZ	1.59	CAPITAL CANDY
43000200742	JELLO GEL ORANGE 24/3 OZ.	JELLO	3OZ	1.59	CAPITAL CANDY
00043000200766	JELLO GEL LIME 24/3 OZ.	JELLO	3.00 OZ	1.59	CAPITAL CANDY
00050000015016	MILK EVAP TALL 24/12 OZ	CARNATION	12OZ	2.09	CAPITAL CANDY
00050000724659	SLICED CHICKEN 24/3OZ	FANCY FEAST	3OZ	1.09	CAPITAL CANDY
070462012347	JARET SOUR PATCH KIDS 24 CT	JARET	1CT	1.19	CAPITAL CANDY
071720330159	JUNIOR MINT 24/CT	JUNIOR	1CT	1.19	CAPITAL CANDY
071720349724	DOTS MASON ASST 24/CT	DOTS	1CT	1.19	CAPITAL CANDY
00073102124820	QUAKER 2-CYCLE MOTOR OIL 24/8 OZ	QUAKER	8OZ	3.29	CAPITAL CANDY
073390030001	AIRHEAD BITES FRUIT 24/2 OZ	AIRHEAD	1CT	1.39	CAPITAL CANDY
00077100955300	BACON MCKENZIE SLICED    24/1 LB	BACON	1LB	8.69	CAPITAL CANDY
077170510011	TOP CIG PAPER 24CT	TOP	0.00	1.39	CAPITAL CANDY
00078698418803	GUNK BRAKE FLUID 24/12 OZ	GUNK	12OZ	2.49	CAPITAL CANDY
079200524456	SWEETARTS CHEWY SOUR 24CT	SWEETARTS	2OZ	1.19	CAPITAL CANDY
089669035653	SIXLETS 24/1.75 OZ BOX	SIXLETS	BX	1.39	CAPITAL CANDY
606274325728	VT SMK & CURE RL STK CRK PEPPR	VERMONT	24/1 OZ	1.69	CAPITAL CANDY
606274325742	VT SMK & CURE RL STK B-B-Q	VERMONT	24/1 OZ	1.69	CAPITAL CANDY
606274325766	VT SMK & CURE RL STK CHIPOLTE	VERMONT	24/1 OZ	1.69	CAPITAL CANDY
606274327326	SMK & CURE RL STK TKY PEPPERONI	VERMONT	24/1 OZ	1.69	CAPITAL CANDY
721874012066	BLUE RAZZ SLIM BOX 24 CT	POP ROCKS	BOX	.89	CAPITAL CANDY
797884570209	BULK BIG CNMON ROLL 24/6OZ 570	PRAIRIE CITY BAKERY	24CT	1.62	CAPITAL CANDY
10014500001822	BE PEAS 24/10 OZ	BE	10.00 OZ	1.49	CAPITAL CANDY
10014500001839	BE CORN CUT 24/10 OZ	BE	10.00 OZ	1.49	CAPITAL CANDY
10014500001877	BE BROCCOLI SPEARS 24/10 OZ	BE	10.00 OZ	1.79	CAPITAL CANDY
10016500980411	SOS PADS 24/4'S	SOS	4CT	1.49	CAPITAL CANDY
10020000101658	GREEN GIANT LESEUR PEAS 24/15OZ	GREEN	15OZ	2.29	CAPITAL CANDY
10021000615428	PARMESAN CHEESE (KRAFT) 24/3 OZ	PARMESAN	3OZ	2.89	CAPITAL CANDY
10023000351450	FLOSS SAUERKRAUT 24/14.4 OZ	SILVER	14OZ	1.59	CAPITAL CANDY
10024000162862	BEAN CUT GREEN 24/14.5 OZ	DELMONTE	14OZ	2.09	CAPITAL CANDY
10024000163012	CORN CREAM    24/14.75 OZ	DELMONTE	14OZ	2.09	CAPITAL CANDY
10024000163029	CORN W/KERNEL 24/15.5 OZ	DELMONTE	15OZ	2.09	CAPITAL CANDY
10024600010013	MORTON REGULAR SALT 24/26 OZ	MORTON	26.00 OZ	1.39	CAPITAL CANDY
10024600010037	MORTON IODIZED SALT 24/26 OZ	MORTON	26OZ	1.39	CAPITAL CANDY
10031200016055	CRANBERRY JELLY 24/14OZ	OCEAN SPRAY	14OZ	2.19	CAPITAL CANDY
10033200011108	A & H BAKING SODA 24/16OZ	A&H	16OZ	1.09	CAPITAL CANDY
10039000008201	ORTEGA TACO SEASNG 24/1.25 OZ	ORTEGA		1.09	CAPITAL CANDY
10039000010228	ORTEGA DICED GREEN CHILES 24/4OZ	ORTEGA	4OZ	1.79	CAPITAL CANDY
10041000003629	LIPTON ONION SOUP MIX 24/2 OZ	LIPTON	2 OZ	2.29	CAPITAL CANDY
10041143120108	SUNMAID SEEDLESS RAISIN 6OZ-6PK	SUNMAID	1.00 OZ	2.49	CAPITAL CANDY
10041143124601	SEEDLESS RAISINS 24/12 OZ	SUNMAID	12OZ	3.39	CAPITAL CANDY
10041196020127	PROGRESSO CHICK PEAS 24/19 OZ	PROGRESSO	19.00 OZ	1.59	CAPITAL CANDY
10041196021247	PROGRESSO BLACK BEANS 24/19OZ	PROGRESSO	19OZ	1.59	CAPITAL CANDY
10041331124666	GOYA BLACK BEANS 24/16 OZ	GOYA	16 OZ	1.69	CAPITAL CANDY
10041500805013	FRANKS HOT SAUCE 24/4.5 OZ.	FRANKS	4OZ	1.89	CAPITAL CANDY
10042187204076	B-Y MARSHMALLOW 24/10OZ	B-Y	10OZ	1.19	CAPITAL CANDY
10042187309559	B-Y BOWL PLASTIC 24/12CT	B-Y	12CT	1.79	CAPITAL CANDY
10042187309887	RETAIL T-SPOON PLST 24/24CT	CUTLERY	24CT	.79	CAPITAL CANDY
10042187309894	RETAIL FORKS PLST 24/24 CT	CUTLERY	24CT	.99	CAPITAL CANDY
10042187310739	CUTLERY RETAIL ASSRT 24/24CT	CUTLERY	24CT	1.49	CAPITAL CANDY
10042187403158	B-Y SANDWICH BAG 24/150 CT	B-Y	150CT	1.89	CAPITAL CANDY
10042187406720	B-Y TOMATO SAUCE 24/15 OZ.	B-Y	15OZ	1.29	CAPITAL CANDY
10042187406975	B-Y CHOCOLATE CHIP S/S 24/12 OZ	B-Y	12OZ	3.09	CAPITAL CANDY
10042187410130	B-Y TOMATO WHOLE 24/14.5 OZ.	B-Y	14OZ	1.19	CAPITAL CANDY
10042187417431	B-Y TOMATO DICED 24/14.5 OZ	B-Y	14OZ	1.29	CAPITAL CANDY
10042187501403	STRAWS FLEX PLASTIC 24/40CT	STRAWS	40CT	.69	CAPITAL CANDY
10042187601608	B-Y COFFEE FILTERS 24/100CT	B-Y	100CT	1.09	CAPITAL CANDY
10043000009533	COOL WHIP 24/8 OZ.	COOL	8OZ	2.49	CAPITAL CANDY
10043000204310	JELLO PUDD INST CHOC 24/3.9 OZ	JELLO	3OZ	1.49	CAPITAL CANDY
10043000204334	JELLO PUDD INST VAN.  24/3.4 OZ	JELLO	3OZ	1.49	CAPITAL CANDY
10048000002621	SOLID WHITE TUNA 24/12OZ	CHIC SEA	12OZ	4.99	CAPITAL CANDY
10048789022346	MATCHES WOOD KITCHEN 24/3 PK	MATCHES	3PK	4.09	CAPITAL CANDY
10049200042011	DOMINO CANE SUGAR 24/1LB BOX	DOMINO	1LB	1.79	CAPITAL CANDY
10049200043506	DOMINO CANE SGR BOX 24/2 LB	DOMINO	2LB	2.99	CAPITAL CANDY
10049200051006	CONFECT SUGR 10X BOX 24/1 LB	DOMINO	16OZ	1.69	CAPITAL CANDY
10049200056001	BROWN DK SUGAR 24/1 LB BOX	DOMINO	16OZ	1.69	CAPITAL CANDY
10049200056759	DOMINO BROWN LT SUG. 24/1LB BOX	DOMINO	16OZ	1.49	CAPITAL CANDY
10051000024210	SWANSON BEEF BROTH 24/14.5 OZ	SWANSON	14OZ	1.39	CAPITAL CANDY
10051000024319	SWANSON CHICK BROTH 24/14.5 OZ.	SWANSON	14OZ	1.39	CAPITAL CANDY
10051000025514	GRAVY BEEF 24/10.25 OZ.	CAMPBELLS	10OZ	1.59	CAPITAL CANDY
10051000060324	SWANSON POT PIE CHICKEN 24/7 OZ	SWANSON	7OZ	1.19	CAPITAL CANDY
10051000153163	V-8 JUICE CAN 24/11.50 OZ.	V-8	11OZ	.99	CAPITAL CANDY
10051000232837	CAMP SPAG O'S 24/15 OZ	CAMP	15OZ	1.39	CAPITAL CANDY
10051000233148	CAMP SPAG O'S M/BALL 24/15.6 OZ	CAMP	15.6 OZ	1.79	CAPITAL CANDY
10052000328667	GATORADE 24/20OZ FRUIT PUNCH W/M	GATORADE	20OZ	1.49	CAPITAL CANDY
10052000328670	GATORADE 24/20OZ ORANGE W/M	GATORADE	20OZ	1.49	CAPITAL CANDY
10052000328681	GATORADE 24/20OZ LEMON LIME W/M	GATORADE	20OZ	1.49	CAPITAL CANDY
10052100091508	FOIL CHILI SEASONING 24/ 1.25 OZ	FOIL	1.25 OZ	1.79	CAPITAL CANDY
10054400000099	A-1 SAUCE 24/5 OZ	A-1	5OZ	3.39	CAPITAL CANDY
10055437624401	MELITTA #4 COFFEE FILTER 24/40	MELITTA	40.00 CT	1.89	CAPITAL CANDY
10064144043023	CHEF BEEFARONI 24/15 OZ	CHEF BOYARDEE	15OZ	1.89	CAPITAL CANDY
10064144043221	SPAGETTI & MEATBALLS 24/14.75	CHEF BOYARDEE	14OZ	1.89	CAPITAL CANDY
10070640310830	BLU-BUN IC SANDWICH CHIPS GALORE	BLUE BUNNY	4.5 OZ	1.79	CAPITAL CANDY
10071140101152	GEISHA TUNA SOLID WHITE 24/5OZ	GEISHA	5OZ	2.29	CAPITAL CANDY
10071140401108	MANDRIN ORANGES CANNED 24/11 OZ	MANDRIN	11.00 OZ	1.29	CAPITAL CANDY
10076067006818	CLAEY'S WATERMELON 24/6OZ	CLAEY'S	6OZ	1.39	CAPITAL CANDY
10076807000205	FLY SWATTER PLASTIC  24/1	FLY	1.00 CT	1.09	CAPITAL CANDY
10077231005002	LOCK DE-ICER/LUBE 24/.05 OZ	LOCK	1CT	2.29	CAPITAL CANDY
10078913186484	KEEBLER GRAHAM CRUST 24/6 OZ	KEEBLER	6OZ	2.89	CAPITAL CANDY
10310119043018	B/L RENU SALINE SOLUTION 24/4OZ	RENU	4OZ	3.49	CAPITAL CANDY
10600699661024	JET PUFFED MARSHMALLOW 24/10 OZ.	JET	10OZ	1.99	CAPITAL CANDY
10652729101130	BORDEN CONDENSED MILK 24/14 OZ	BORDEN	14OZ	3.39	CAPITAL CANDY
10678112228727	COMET 24/14 OZ	COMET	14OZ	.99	CAPITAL CANDY
10792554701706	C.D. ORIGINAL  STICK 24/1.5	RICOLA	1OZ	1.19	CAPITAL CANDY
10792554701713	C.D. CHERRY HONEY STICK 24CT	RICOLA	1OZ	1.19	CAPITAL CANDY
10894023002083	K-9 LARGE KOOKIE PB KITTY 24	KELLY	24 CT	1.59	CAPITAL CANDY
20010900633844	BAKING CUP PAPER  24/50CT	BAKING	50CT	.99	CAPITAL CANDY
20070450032603	DIAMOND WALNUTS VAC PK 24/4 OZ	DIAMOND	4OZ	4.89	CAPITAL CANDY
20072486002209	JIFFY CORN MUFF MIX 24/8.5 OZ	JIFFY	8.50 OZ	.89	CAPITAL CANDY
20072486002407	JIFFY BLUEBERRY MUFF MIX 24/7	JIFFY	7.00 OZ	.99	CAPITAL CANDY
20079976167219	"SCRAPER 10"" BEAR CLAW   24 CT"	HOPKINS	24 CT	1.59	CAPITAL CANDY
30011210000019	TABASCO SAUCE MCILHENNY 24/2 OZ	TABASCO	2OZ	1.99	CAPITAL CANDY
30076807000506	FLY RIBBON REVENGE 24/4 CT	FLY	4.00 CT	2.49	CAPITAL CANDY
40024000002213	VERMONT MAID SYRUP 24/12 OZ.	VERMONT	12OZ	3.39	CAPITAL CANDY
40047800000159	UNDERWOOD HAM FAMLY 24/4.25 OZ.	UNDERWOOD	4OZ	2.29	CAPITAL CANDY
40047800000210	UNDERWOOD CHK CHIC SPREAD 4.8 OZ	UNDERWOOD	4.08 OZ	2.29	CAPITAL CANDY
40053800026617	OLIVES BLACK PITTED MED 24/6 OZ	LINDSAY	6OZ	2.69	CAPITAL CANDY
40727351197316	STRAWS WRAPPED 24/400 CT	PRIME SOURCE	500CT		CAPITAL CANDY
50021200010007	SCOTCH BRITE SCOUR PAD 24/1'S	SCOTCH	1CT	.99	CAPITAL CANDY
60073905282019	HEET DRY GAS REG 24/12 OZ	HEET	12OZ	2.09	CAPITAL CANDY
60073905282026	HEET ISO DRY GAS 24/12 OZ	HEET	12OZ	2.89	CAPITAL CANDY
000072807408	UVP ONIONS RED 25 LB CASE ONLY	UVP	1 LB	1.49	CAPITAL CANDY
000072811009	UVP TOMATOES 5X6 25 LB	UVP	1 LB	2.09	CAPITAL CANDY
025246110047	COLD HOLLOW CIDER PTS	COLD	1PT	2.25	CAPITAL CANDY
31700009253	PALMA GRAPE UPR 25 CT	GAME	1CT	2.39	CAPITAL CANDY
031700900680	PALMA GREEN UPR 25 CT	GAME	1CT	2.39	CAPITAL CANDY
031700901311	PALMA WHITE GRAPE 25CT	GAME	1CT	2.39	CAPITAL CANDY
070137005186	MIDD BLK & MLD 25CT ORIG UPRIGHT	MIDD	1CT	1.59	CAPITAL CANDY
10037000006142	LEMON DISH LIQUID 25/12.6 OZ.	JOY	12OZ	1.89	CAPITAL CANDY
10036000374039	KLEENEX BOUTIQUE 27/80CT	KLEENEX	1CT	3.29	CAPITAL CANDY
031700420287	CIGRLO WHITE GRP 30/2CT	GAME	1CT	1.89	CAPITAL CANDY
30079606910250	TINA BEEF/BEAN BURRITO 32/4OZ	TINA	4OZ	.69	CAPITAL CANDY
00010900080156	"REYNOLDS FOIL 12""35/75 SQF"	REYNOLDS	1CT	6.19	CAPITAL CANDY
00021000018710	KRAFT MAC+CHEESE 35/7.25 OZ	KRAFT	7OZ	2.09	CAPITAL CANDY
10010900080313	REYNOLDS STAND FOIL 12 IN 35/25'	REYNOLDS	1CT	2.69	CAPITAL CANDY
028000476359	BUTTERFINGER 36/CT	BUTTERFINGER	1CT	1.19	CAPITAL CANDY
034000240005	HERSHEY MILK CHOC. 12/36CT	HERSHEY	1CT	1.19	CAPITAL CANDY
034000241002	HERSHEY ALMOND 36/CT	HERSHEY	1CT	1.19	CAPITAL CANDY
034000244003	ROLO 36/CT	ROLO	1CT	1.19	CAPITAL CANDY
034000245000	HERSHEY SPECIAL 36/CT	HERSHEY	1CT	1.19	CAPITAL CANDY
034000246007	KIT KAT 36/CT	KIT	1CT	1.19	CAPITAL CANDY
034000440009	REESE CUP 36/CT   44000	REESE	1CT	1.19	CAPITAL CANDY
034000903207	ALMOND JOY 36/CT	ALMOND	1CT	1.19	CAPITAL CANDY
034000903306	YORK PEPPERMINT PATTY 36/CT	YORK	1CT	1.19	CAPITAL CANDY
040000011514	STARBURST 36/CT	STARBURST	1CT	1.19	CAPITAL CANDY
040000011606	SKITTLES 36/CT	SKITTLES	1CT	1.19	CAPITAL CANDY
040000011620	SKITTLES WILD BERRY 36/CT	SKITTLES	2OZ	1.19	CAPITAL CANDY
040000353911	TWIX CARAMEL 36/CT      35391	TWIX	1CT	1.19	CAPITAL CANDY
040000522065	MILKY WAY 36/CT {NEW}	MILKY	1CT	1.19	CAPITAL CANDY
040000522089	3 MUSKETEERS 36 CT	3 MUSKETEERS	1CT	1.19	CAPITAL CANDY
070622801019	GOETZES COW TALES VANILLA 36 CT	GOETZES	36CT	.49	CAPITAL CANDY
073390001124	AIRHEADS WHITE MYSTERY 36CT	AIRHEADS	1CT	.29	CAPITAL CANDY
073390001162	AIRHEADS ORANGE 12/36 CT	AIRHEADS	1CT	.29	CAPITAL CANDY
073390001216	AIRHEADS GREEN APPLE 36CT	AIRHEADS	1CT	.29	CAPITAL CANDY
079200392307	WATERMELON/WILD CHERRY 36 CT	NERDS	1CT	1.19	CAPITAL CANDY
10078354620110	CABOT BUTTER QTRS NAT 36/1 LB	CABOT	1LB	5.79	CAPITAL CANDY
10894023002021	KELLY K9 KOOKIES BEEF BONE 36 CT	KELLY	36	.89	CAPITAL CANDY
10894023002038	K9 KOOKIES PB KITTIES 36 CT	KELLY	36 CT	.89	CAPITAL CANDY
10894023002052	K-9 COOKIES CHEESY HYDRANT36	KELLY	36 CT BX	.89	CAPITAL CANDY
10894023002069	K-9 COOKIES BACON PIGS 36CT	KELLY	BOX	.89	CAPITAL CANDY
022000115720	WRIG DBLEMINT TW PP 35C	WRIG	1CT	.35	CAPITAL CANDY
094733085892	HOT HANDS HAND WARMERS 40 PRS BX	HOT	BOX	.89	CAPITAL CANDY
094733500241	HOT HANDS TOE WARMERS  40 PRS BX	HOT	BOX	1.29	CAPITAL CANDY
60075218001967	MATCHES BOOK 40/50 CT	MATCHES	1CT	1.49	CAPITAL CANDY
000061303003	B-Y TOMATO PASTE 48/6 OZ.	B-Y	6.00 OZ	1.09	CAPITAL CANDY
000072801000	UVP AVOCADOS 48 CT	UVP	1 CT	1.99	CAPITAL CANDY
011168114843	TOOTHPICK ROUND 48/250 CT	TOOTHPICK	250CT	1.49	CAPITAL CANDY
014200338610	CHARMS BLOW POP CHERRY 48 CT	CHARMS	1 CT	.29	CAPITAL CANDY
040000012320	M&M PEANUT 48/CT	M&M	1CT	1.19	CAPITAL CANDY
040000524311	SNICKERS SINGLES 48 CT	SNICKERS	1CT	1.19	CAPITAL CANDY
10051000000115	CAMP TOMATO SOUP 48/10.75 OZ	CAMP	10OZ	1.79	CAPITAL CANDY
10051000010312	CAMP CREAM/CHICKEN 48/10.75 OZ	CAMP	10OZ	1.89	CAPITAL CANDY
10051000012316	CAMP VEG-BEEF 48/10.50 OZ.	CAMP	10OZ	2.29	CAPITAL CANDY
10051000012514	CAMP CHICK NOOD 48/10.8 OZ.	CAMP	10OZ	1.79	CAPITAL CANDY
10051000012613	CAMP CREAM/MUSHROOM 48/10.8 OZ	CAMP	10OZ	1.89	CAPITAL CANDY
011461008696	REG THERM 3 1/8 230FT 50R	CASH	50RL		CAPITAL CANDY
070330601277	BIC LIGHTER DISP 50 CT TRAY	BIC	1CT	1.39	CAPITAL CANDY
070330618893	OUTDOORS PRINTS 50 CT LCWH199	BIC	PKT	1.59	CAPITAL CANDY
078354710807	IND WRAP SERIOUSLY SHARP 50CT	CABOT	1CT	.59	CAPITAL CANDY
037466020761	LINDT LINDOR BALLS MILK 60 CT.	LINDT	60CT	.49	CAPITAL CANDY
037466020778	LINDT LINDOR BALLS DARK 60 CT.	LINDT	60CT	.49	CAPITAL CANDY
41780006028	UTZ 1 OZ VEN CHIP #1 60CT	UTZ	1OZ	.49	CAPITAL CANDY
10099555040613	GMC KCUP DARK MAGIC XBOLD 96CT	GMC	96CT		CAPITAL CANDY
10099555065203	GMC KCUP BREAKFAST BLEND 96CT	GMC	96CT		CAPITAL CANDY
014200338696	CHARMS BLOW POP ASSORTED  100 CT	CHARMS	100CT	.29	CAPITAL CANDY
026200615097	SLIM JIM 2/$1.00 100 CT DISPLAY	SLIM	1 CT	.50	CAPITAL CANDY
071720305089	TOOTSIE POPS ASSORTED 100 CT	TOOTSIE	1CT	.29	CAPITAL CANDY
00093215040510	BULK 150 CT. OYSTER CRA	WESTMINSTER	1CT		CAPITAL CANDY
000082600402	EGGS WHITE LOOSE LG FS 180CT	EGGS		.29	CAPITAL CANDY
41165087369	CONT LID PAPER 12OZ 250C KH12A	SOLO	250CT		CAPITAL CANDY
00024502109139	LID DOME 10-24OZ 	DOPACO	1000CT		CAPITAL CANDY
00044800504009	SUGAR IN THE RAW 1200CT 4.5GR	SPLENDA	1200CT	.13	CAPITAL CANDY
00722776224137	IND SPLENDA 2000 CT	SPLENDA	1CT		CAPITAL CANDY
041594415467	SOUFFLE CUP 2OZ 25/100CT	SOUFFLE	2500CT		CAPITAL CANDY
021200056185	MASKING TAPE #2050 1INX60	MASKING	60.00 YD	4.09	CAPITAL CANDY
026100805758	FS NEWPORT KS BOX	NEWPORT	KING	9.39	CAPITAL CANDY
028200135704	FS MARLBORO BP KS BOX	MARLBORO	KING	8.69	CAPITAL CANDY
028200136305	FS MARLBORO BP BOX 100	MARLBORO	100'S	8.69	CAPITAL CANDY
028200136800	FS MARLBORO BP RED LABEL BOX	MARLBORO	KING	8.69	CAPITAL CANDY
028200137708	FS MARLBORO BP BLUE MEN BOX 100	MARLBORO	100'S	8.69	CAPITAL CANDY
028200137807	FS MARLBORO BP GOLD KS	MARLBORO	KING	8.69	CAPITAL CANDY
028200138408	FS MARLBORO BP GOLD KS BOX	MARLBORO	KING	8.69	CAPITAL CANDY
028200143709	FS MARLBORO BP GOLD 100	MARLBORO	100'S	8.69	CAPITAL CANDY
028200146502	FS MARLBORO BP GOLD BOX 100	MARLBORO	100'S	8.69	CAPITAL CANDY
028200304018	FS BASIC BP  100'S BOX	MARLBORO	100'S	8.89	CAPITAL CANDY
10073286613681	TOWEL TORK NAT 6CT/884 290088	TOWEL TORK	884CT.		CAPITAL CANDY
10073286613698	TOWEL TORK WHITE 6CT/884 290089	TOWEL TORK	884CT.		CAPITAL CANDY
028200135506	FS MARLBORO BP 25'S KS BOX	MARLBORO	25'S	10.79	CAPITAL CANDY
028200146304	FS MARLBORO BP 25'S GOLD KS BOX	MARLBORO	25'S	10.79	CAPITAL CANDY
